0,0,0,0,UNKNOWN,0,0,NO,0,0,0,,,0,0,0,NOT_USED,IO_NONE,NO,0
0,1,0,0,UNKNOWN,0,0,NO,0,0,0,,,0,0,0,NOT_USED,IO_NONE,NO,0
0,2,4294967294,89,INODE,0,0,NO,0,0,872124,,,0,0,0,FILE_PAGE,IO_NONE,NO,1730
0,3,4294967278,214,UNDO_LOG,1,0,NO,21663961,0,872124,,,0,0,0,FILE_PAGE,IO_NONE,NO,1730
0,4,4294967294,466,INDEX,1,0,YES,21667123,0,870084,`mysql`.`columns`,PRIMARY,96,10066,0,FILE_PAGE,IO_NONE,NO,1823
0,5,0,0,UNKNOWN,0,0,NO,0,0,0,,,0,0,0,NOT_USED,IO_NONE,NO,0
0,6,4294967278,97,SYSTEM,1,0,NO,21669732,0,872128,,,0,0,0,FILE_PAGE,IO_NONE,NO,1730
0,7,4294967294,399,INDEX,0,0,YES,0,0,3508054,`mysql`.`columns`,PRIMARY,97,15042,0,FILE_PAGE,IO_NONE,NO,1848
0,8,4294967279,190,UNDO_LOG,1,0,NO,21527203,0,870130,,,0,0,0,FILE_PAGE,IO_NONE,NO,1613
0,9,4294967278,190,UNDO_LOG,1,0,NO,21551691,0,870139,,,0,0,0,FILE_PAGE,IO_NONE,NO,1613
0,10,4294967294,419,INDEX,1,0,NO,21668025,0,870085,`mysql`.`index_column_usage`,index_id,270,11346,0,FILE_PAGE,IO_NONE,NO,1823
0,11,4294967294,42,INDEX,0,0,NO,0,0,870085,`mysql`.`index_column_usage`,index_id,4,88,0,FILE_PAGE,IO_NONE,NO,1787
0,12,4294967294,186,INDEX,0,0,YES,0,0,3508060,`mysql`.`columns`,PRIMARY,74,15068,0,FILE_PAGE,IO_NONE,NO,1848
0,13,4294967294,50,INDEX,1,0,NO,21667438,0,870085,`mysql`.`indexes`,PRIMARY,3,54,0,FILE_PAGE,IO_NONE,NO,1787
0,14,4294967294,414,INDEX,1,0,NO,21667438,0,870085,`mysql`.`indexes`,PRIMARY,55,6855,0,FILE_PAGE,IO_NONE,NO,1787
0,15,4294967294,46,INODE,0,0,NO,0,0,870139,,,0,0,0,FILE_PAGE,IO_NONE,NO,1823
0,16,4294967294,149,INDEX,0,0,YES,0,0,870139,`mysql`.`tables`,PRIMARY,3,13818,0,FILE_PAGE,IO_NONE,NO,1848
0,17,4294967294,65,INDEX,0,0,NO,0,0,870086,`mysql`.`schemata`,PRIMARY,5,314,0,FILE_PAGE,IO_NONE,NO,1787
0,18,4294967294,96,INDEX,0,0,NO,0,0,870086,`mysql`.`triggers`,table_id,2,54,0,FILE_PAGE,IO_NONE,NO,1787
0,19,4294967278,315,UNDO_LOG,1,0,NO,21569018,0,872046,,,0,0,0,FILE_PAGE,IO_NONE,NO,1702
0,20,4294967294,190,INDEX,0,0,YES,0,0,3508064,`mysql`.`columns`,PRIMARY,97,15100,0,FILE_PAGE,IO_NONE,NO,1848
0,21,4294967278,85,SYSTEM,1,0,NO,21569018,0,872046,,,0,0,0,FILE_PAGE,IO_NONE,NO,1702
0,22,4294967294,74,INDEX,0,0,NO,0,0,870085,`mysql`.`table_partitions`,table_id_2,0,0,0,FILE_PAGE,IO_NONE,NO,1787
0,23,0,0,UNKNOWN,0,0,NO,0,0,0,,,0,0,0,NOT_USED,IO_NONE,NO,0
0,24,4294967278,84,SYSTEM,1,0,NO,21574632,0,872052,,,0,0,0,FILE_PAGE,IO_NONE,NO,1702
0,25,0,0,UNKNOWN,0,0,NO,0,0,0,,,0,0,0,NOT_USED,IO_NONE,NO,0
0,26,0,0,UNKNOWN,0,0,NO,0,0,0,,,0,0,0,NOT_USED,IO_NONE,NO,0
0,27,4294967278,197,UNDO_LOG,1,0,NO,21574632,0,872047,,,0,0,0,FILE_PAGE,IO_NONE,NO,1702
0,28,4294967294,463,INDEX,0,0,YES,0,0,3508033,`mysql`.`columns`,PRIMARY,103,15146,0,FILE_PAGE,IO_NONE,NO,1848
0,29,4294967294,185,INDEX,0,0,YES,0,0,3508031,`mysql`.`columns`,PRIMARY,126,15160,0,FILE_PAGE,IO_NONE,NO,1848
0,30,4294967278,72,SYSTEM,1,0,NO,21489479,0,643323,,,0,0,0,FILE_PAGE,IO_NONE,NO,1613
0,31,4294967294,104,INDEX,0,0,YES,0,0,3508040,`mysql`.`columns`,PRIMARY,24,4968,0,FILE_PAGE,IO_NONE,NO,1848
0,32,4294967294,106,INDEX,0,0,YES,0,0,3508039,`mysql`.`columns`,PRIMARY,47,15192,0,FILE_PAGE,IO_NONE,NO,1848
0,33,4294967294,163,INDEX,0,0,YES,0,0,3144447,`mysql`.`columns`,table_id,240,7801,0,FILE_PAGE,IO_NONE,NO,1823
0,34,4294967294,172,LOB_FIRST,0,0,NO,0,0,3144446,,,0,0,0,FILE_PAGE,IO_NONE,NO,1823
0,35,4294967294,112,INDEX,0,0,YES,0,0,3508045,`mysql`.`columns`,PRIMARY,54,14451,0,FILE_PAGE,IO_NONE,NO,1848
0,36,0,0,UNKNOWN,0,0,NO,0,0,0,,,0,0,0,MEMORY,IO_NONE,NO,0
0,37,4294967294,195,INDEX,0,0,YES,0,0,3508090,`mysql`.`tables`,PRIMARY,6,15150,0,FILE_PAGE,IO_NONE,NO,1848
0,38,4294967294,21,INDEX,0,0,NO,0,0,3508359,`mysql`.`column_statistics`,PRIMARY,0,0,0,FILE_PAGE,IO_NONE,NO,1848
0,39,4294967294,30,INDEX,0,0,NO,0,0,3508482,`mysql`.`events`,PRIMARY,0,0,0,FILE_PAGE,IO_NONE,NO,1848
0,40,0,0,UNKNOWN,0,0,NO,0,0,0,,,0,0,0,NOT_USED,IO_NONE,NO,0
0,41,0,0,UNKNOWN,0,0,NO,0,0,0,,,0,0,0,NOT_USED,IO_NONE,NO,0
0,42,0,0,UNKNOWN,0,0,NO,0,0,0,,,0,0,0,NOT_USED,IO_NONE,NO,0
0,43,0,0,UNKNOWN,0,0,NO,0,0,0,,,0,0,0,NOT_USED,IO_NONE,NO,0
0,44,0,0,UNKNOWN,0,0,NO,0,0,0,,,0,0,0,NOT_USED,IO_NONE,NO,0
0,45,0,0,UNKNOWN,0,0,NO,0,0,0,,,0,0,0,NOT_USED,IO_NONE,NO,0
0,46,0,0,UNKNOWN,0,0,NO,0,0,0,,,0,0,0,NOT_USED,IO_NONE,NO,0
0,47,0,0,UNKNOWN,0,0,NO,0,0,0,,,0,0,0,NOT_USED,IO_NONE,NO,0
0,48,0,0,UNKNOWN,0,0,NO,0,0,0,,,0,0,0,NOT_USED,IO_NONE,NO,0
0,49,0,0,UNKNOWN,0,0,NO,0,0,0,,,0,0,0,NOT_USED,IO_NONE,NO,0
0,50,0,0,UNKNOWN,0,0,NO,0,0,0,,,0,0,0,NOT_USED,IO_NONE,NO,0
0,51,4294967294,27,INDEX,0,0,NO,0,0,870092,`mysql`.`columns`,table_id_2,7,203,0,FILE_PAGE,IO_NONE,NO,1702
0,52,4294967294,1038,INDEX,1,0,NO,21656833,0,870092,`mysql`.`columns`,table_id_2,601,15025,0,FILE_PAGE,IO_NONE,NO,1702
0,53,4294967294,28,INDEX,0,0,NO,0,0,870092,`mysql`.`columns`,collation_id,8,208,0,FILE_PAGE,IO_NONE,NO,1702
0,54,4294967294,408,INDEX,1,0,NO,21656187,0,870092,`mysql`.`columns`,collation_id,596,13112,0,FILE_PAGE,IO_NONE,NO,1702
0,55,4294967294,5,INDEX,1,0,NO,21676696,0,644055,`mysql`.`innodb_dynamic_metadata`,PRIMARY,15,561,0,FILE_PAGE,IO_NONE,NO,1782
0,56,4294967294,1,IBUF_BITMAP,1,0,NO,21655780,0,644055,,,0,0,0,FILE_PAGE,IO_NONE,NO,1787
0,57,4294967294,81,INDEX,1,0,NO,21654443,0,870084,`mysql`.`tables`,schema_id,342,15027,0,FILE_PAGE,IO_NONE,NO,1787
0,58,4294967294,80,INDEX,1,0,NO,21665110,0,870084,`mysql`.`tables`,PRIMARY,34,680,0,FILE_PAGE,IO_NONE,NO,1787
0,59,4294967294,29,INDEX,0,0,NO,0,0,870092,`mysql`.`columns`,srs_id,4,72,0,FILE_PAGE,IO_NONE,NO,1702
0,60,4294967294,154,INDEX,1,0,NO,21656873,0,870093,`mysql`.`columns`,srs_id,1075,15050,0,FILE_PAGE,IO_NONE,NO,1702
0,61,4294967294,184,INDEX,1,0,NO,21656853,0,870093,`mysql`.`columns`,collation_id,687,15114,0,FILE_PAGE,IO_NONE,NO,1702
0,62,4294967294,82,INDEX,1,0,NO,21669917,0,870093,`mysql`.`tables`,engine,342,7948,0,FILE_PAGE,IO_NONE,NO,1702
0,63,4294967294,22,INDEX,0,0,NO,0,0,870087,`mysql`.`column_statistics`,catalog_id,0,0,0,FILE_PAGE,IO_NONE,NO,1787
0,64,4294967294,6,INDEX,1,0,NO,21675287,0,870088,`mysql`.`innodb_table_stats`,PRIMARY,7,428,0,FILE_PAGE,IO_NONE,NO,1782
0,65,4294967294,83,INDEX,1,0,NO,21654552,0,870093,`mysql`.`tables`,engine_2,342,7062,0,FILE_PAGE,IO_NONE,NO,1702
0,66,4294967294,161,INDEX,0,0,NO,0,0,3144447,`mysql`.`column_type_elements`,PRIMARY,174,7618,0,FILE_PAGE,IO_NONE,NO,1823
0,67,4294967294,109,INDEX,0,0,YES,0,0,3144447,`mysql`.`columns`,PRIMARY,66,15055,0,FILE_PAGE,IO_NONE,NO,1823
0,68,4294967294,84,INDEX,1,0,NO,21654586,0,870093,`mysql`.`tables`,collation_id,342,6180,0,FILE_PAGE,IO_NONE,NO,1702
0,69,4294967294,85,INDEX,1,0,NO,21654620,0,870093,`mysql`.`tables`,tablespace_id,342,5292,0,FILE_PAGE,IO_NONE,NO,1702
0,70,4294967294,86,INDEX,1,0,NO,21654654,0,870093,`mysql`.`tables`,type,342,4788,0,FILE_PAGE,IO_NONE,NO,1702
0,71,4294967294,87,INDEX,1,0,NO,21654688,0,870093,`mysql`.`tables`,view_client_collation_id,342,6132,0,FILE_PAGE,IO_NONE,NO,1702
0,72,4294967294,52,INDEX,1,0,NO,21669766,0,870092,`mysql`.`indexes`,tablespace_id,269,4878,0,FILE_PAGE,IO_NONE,NO,1702
0,73,4294967294,88,INDEX,1,0,NO,21654722,0,870094,`mysql`.`tables`,view_connection_collation_id,342,6132,0,FILE_PAGE,IO_NONE,NO,1702
0,74,4294967294,49,INDEX,1,0,NO,21676886,0,870094,`mysql`.`index_stats`,schema_name,1,57,0,FILE_PAGE,IO_NONE,NO,1823
0,75,4294967294,79,INDEX,0,0,NO,0,0,870094,`mysql`.`table_stats`,PRIMARY,0,0,0,FILE_PAGE,IO_NONE,NO,1787
0,76,4294967294,103,INDEX,0,0,NO,0,0,870095,`mysql`.`view_table_usage`,table_catalog,172,10360,0,FILE_PAGE,IO_NONE,NO,1702
0,77,4294967294,387,INDEX,1,0,NO,21608363,0,870096,`mysql`.`index_column_usage`,index_id_2,612,15912,0,FILE_PAGE,IO_NONE,NO,1702
0,78,4294967294,384,INDEX,1,0,NO,21667438,0,870096,`mysql`.`indexes`,PRIMARY,155,15122,0,FILE_PAGE,IO_NONE,NO,1823
0,79,4294967294,197,INDEX,1,0,YES,21665110,0,870096,`mysql`.`tables`,PRIMARY,21,15199,0,FILE_PAGE,IO_NONE,NO,1787
0,80,0,0,UNKNOWN,0,0,NO,0,0,0,,,0,0,0,NOT_USED,IO_NONE,NO,0
0,81,0,0,UNKNOWN,0,0,NO,0,0,0,,,0,0,0,MEMORY,IO_NONE,NO,0
0,82,4294967294,0,FILE_SPACE_HEADER,1,0,NO,21618188,0,870097,,,0,0,0,FILE_PAGE,IO_NONE,NO,1702
0,83,4294967294,191,INDEX,0,0,NO,0,0,3144448,`mysql`.`indexes`,PRIMARY,59,8056,0,FILE_PAGE,IO_NONE,NO,1823
0,84,4294967294,38,INDEX,0,0,NO,0,0,3144448,`mysql`.`foreign_keys`,PRIMARY,51,4648,0,FILE_PAGE,IO_NONE,NO,1823
0,85,4294967294,35,INDEX,0,0,NO,0,0,3144448,`mysql`.`foreign_key_column_usage`,PRIMARY,51,2091,0,FILE_PAGE,IO_NONE,NO,1823
0,86,4294967294,59,INDEX,0,0,NO,0,0,3144449,`mysql`.`routines`,PRIMARY,9,171,0,FILE_PAGE,IO_NONE,NO,1823
0,87,4294967294,140,INDEX,0,0,NO,0,0,3144449,`mysql`.`routines`,PRIMARY,2,2699,0,FILE_PAGE,IO_NONE,NO,1823
0,88,4294967294,142,INDEX,0,0,NO,0,0,3144449,`mysql`.`routines`,PRIMARY,7,14353,0,FILE_PAGE,IO_NONE,NO,1823
0,89,4294967294,143,INDEX,0,0,NO,0,0,3144449,`mysql`.`routines`,PRIMARY,5,14713,0,FILE_PAGE,IO_NONE,NO,1823
0,90,4294967294,1052,INDEX,0,0,NO,0,0,3144449,`mysql`.`routines`,PRIMARY,7,14108,0,FILE_PAGE,IO_NONE,NO,1823
0,91,4294967294,1039,INDEX,0,0,NO,0,0,3144449,`mysql`.`routines`,PRIMARY,6,14900,0,FILE_PAGE,IO_NONE,NO,1823
0,92,4294967294,141,INDEX,0,0,NO,0,0,3144449,`mysql`.`routines`,PRIMARY,4,13837,0,FILE_PAGE,IO_NONE,NO,1823
0,93,4294967294,1055,INDEX,0,0,NO,0,0,3144450,`mysql`.`routines`,PRIMARY,7,15037,0,FILE_PAGE,IO_NONE,NO,1823
0,94,4294967294,60,INDEX,0,0,NO,0,0,3144450,`mysql`.`routines`,schema_id,48,2124,0,FILE_PAGE,IO_NONE,NO,1823
0,95,4294967294,61,INDEX,0,0,NO,0,0,3144450,`mysql`.`routines`,result_collation_id,48,848,0,FILE_PAGE,IO_NONE,NO,1823
0,96,4294967294,62,INDEX,0,0,NO,0,0,3144450,`mysql`.`routines`,client_collation_id,48,1008,0,FILE_PAGE,IO_NONE,NO,1823
0,97,4294967294,63,INDEX,0,0,NO,0,0,3144450,`mysql`.`routines`,connection_collation_id,48,1008,0,FILE_PAGE,IO_NONE,NO,1823
0,98,4294967294,64,INDEX,0,0,NO,0,0,3144450,`mysql`.`routines`,schema_collation_id,48,1008,0,FILE_PAGE,IO_NONE,NO,1823
0,99,4294967294,176,INDEX,0,0,YES,0,0,3162048,`mysql`.`columns`,PRIMARY,37,10662,0,FILE_PAGE,IO_NONE,NO,1823
0,100,0,0,UNKNOWN,0,0,NO,0,0,0,,,0,0,0,MEMORY,IO_NONE,NO,0
0,101,4294967279,230,UNDO_LOG,1,0,NO,21676897,0,3162050,,,0,0,0,FILE_PAGE,IO_NONE,NO,1823
0,102,4294967294,385,INDEX,0,0,YES,0,0,3508047,`mysql`.`tables`,PRIMARY,63,15148,0,FILE_PAGE,IO_NONE,NO,1848
0,103,4294967294,411,INDEX,0,0,YES,0,0,3508047,`mysql`.`columns`,table_id,438,15938,0,FILE_PAGE,IO_NONE,NO,1848
0,104,4294967294,406,INDEX,0,0,YES,0,0,3508047,`mysql`.`columns`,PRIMARY,90,15102,0,FILE_PAGE,IO_NONE,NO,1848
0,105,4294967294,405,INDEX,0,0,YES,0,0,3508047,`mysql`.`columns`,table_id,7,287,0,FILE_PAGE,IO_NONE,NO,1848
0,106,4294967294,409,INDEX,0,0,YES,0,0,3508048,`mysql`.`columns`,PRIMARY,23,14993,0,FILE_PAGE,IO_NONE,NO,1848
0,107,4294967294,407,INDEX,0,0,YES,0,0,3508048,`mysql`.`columns`,PRIMARY,85,15184,0,FILE_PAGE,IO_NONE,NO,1848
0,108,4294967294,404,INDEX,0,0,YES,0,0,3508049,`mysql`.`columns`,PRIMARY,101,15152,0,FILE_PAGE,IO_NONE,NO,1848
0,109,4294967294,392,INDEX,0,0,YES,0,0,3508049,`mysql`.`columns`,table_id,414,15259,0,FILE_PAGE,IO_NONE,NO,1848
0,110,4294967294,396,INDEX,0,0,YES,0,0,3508050,`mysql`.`columns`,PRIMARY,85,15142,0,FILE_PAGE,IO_NONE,NO,1848
0,111,4294967294,397,INDEX,0,0,YES,0,0,3508051,`mysql`.`columns`,PRIMARY,112,15132,0,FILE_PAGE,IO_NONE,NO,1848
0,112,4294967294,402,INDEX,0,0,YES,0,0,3508052,`mysql`.`columns`,PRIMARY,101,14628,0,FILE_PAGE,IO_NONE,NO,1848
0,113,4294967294,400,INDEX,0,0,YES,0,0,3508052,`mysql`.`columns`,PRIMARY,104,15096,0,FILE_PAGE,IO_NONE,NO,1848
0,114,0,0,UNKNOWN,0,0,NO,0,0,0,,,0,0,0,MEMORY,IO_NONE,NO,0
0,115,4294967294,178,INDEX,0,0,YES,0,0,2675509,`mysql`.`tables`,PRIMARY,3,14309,0,FILE_PAGE,IO_NONE,NO,1787
0,116,4294967294,180,LOB_FIRST,0,0,NO,0,0,2675510,,,0,0,0,FILE_PAGE,IO_NONE,NO,1787
0,117,4294967294,181,INDEX,0,0,YES,0,0,2675510,`mysql`.`columns`,table_id,233,8095,0,FILE_PAGE,IO_NONE,NO,1787
0,118,4294967294,179,INDEX,0,0,YES,0,0,2675510,`mysql`.`columns`,PRIMARY,55,15116,0,FILE_PAGE,IO_NONE,NO,1787
0,119,4294967294,187,INDEX,0,0,YES,0,0,2675510,`mysql`.`columns`,table_id,228,7758,0,FILE_PAGE,IO_NONE,NO,1787
0,120,4294967278,226,UNDO_LOG,1,0,NO,21676633,0,2617836,,,0,0,0,FILE_PAGE,IO_NONE,NO,1782
0,121,4294967279,226,UNDO_LOG,1,0,NO,21674754,0,2217744,,,0,0,0,FILE_PAGE,IO_NONE,NO,1781
0,122,4294967279,229,UNDO_LOG,1,0,NO,21675434,0,2617836,,,0,0,0,FILE_PAGE,IO_NONE,NO,1782
0,123,4294967279,106,SYSTEM,1,0,NO,21675434,0,2617836,,,0,0,0,FILE_PAGE,IO_NONE,NO,1782
0,124,4294967278,322,UNDO_LOG,1,0,NO,21676607,0,2617837,,,0,0,0,FILE_PAGE,IO_NONE,NO,1782
0,125,4294967278,106,SYSTEM,1,0,NO,21676607,0,2617837,,,0,0,0,FILE_PAGE,IO_NONE,NO,1782
0,126,4294967278,222,UNDO_LOG,1,0,NO,21674469,0,2015280,,,0,0,0,FILE_PAGE,IO_NONE,NO,1776
0,127,4294967279,222,UNDO_LOG,1,0,NO,21672606,0,1841958,,,0,0,0,FILE_PAGE,IO_NONE,NO,1775
0,128,4294967279,225,UNDO_LOG,1,0,NO,21673286,0,2015280,,,0,0,0,FILE_PAGE,IO_NONE,NO,1776
0,129,4294967294,108,INDEX,0,0,YES,0,0,3508041,`mysql`.`columns`,PRIMARY,53,15087,0,FILE_PAGE,IO_NONE,NO,1848
0,130,4294967294,453,INDEX,0,0,YES,0,0,3508041,`mysql`.`columns`,PRIMARY,77,14878,0,FILE_PAGE,IO_NONE,NO,1848
0,131,4294967294,1062,INDEX,0,0,YES,0,0,3508041,`mysql`.`columns`,table_id,263,8768,0,FILE_PAGE,IO_NONE,NO,1848
0,132,4294967294,451,INDEX,0,0,YES,0,0,3508041,`mysql`.`columns`,PRIMARY,74,15794,0,FILE_PAGE,IO_NONE,NO,1848
0,133,4294967294,452,INDEX,0,0,YES,0,0,3508040,`mysql`.`columns`,PRIMARY,81,15376,0,FILE_PAGE,IO_NONE,NO,1848
0,134,4294967294,151,INDEX,0,0,YES,0,0,3508039,`mysql`.`columns`,table_id,244,7937,0,FILE_PAGE,IO_NONE,NO,1848
0,135,4294967294,2,INODE,1,0,NO,21618188,0,870103,,,0,0,0,FILE_PAGE,IO_NONE,NO,1787
0,136,4294967294,111,INDEX,0,0,NO,0,0,870103,`mysql`.`index_column_usage`,index_id,357,15021,0,FILE_PAGE,IO_NONE,NO,1823
0,137,4294967294,428,INDEX,0,0,YES,0,0,3508039,`mysql`.`tables`,PRIMARY,31,13397,0,FILE_PAGE,IO_NONE,NO,1848
0,138,4294967294,107,INDEX,0,0,YES,0,0,3508039,`mysql`.`columns`,PRIMARY,47,15132,0,FILE_PAGE,IO_NONE,NO,1848
0,139,4294967294,465,INDEX,1,0,YES,21618188,0,870105,`mysql`.`columns`,PRIMARY,73,8173,0,FILE_PAGE,IO_NONE,NO,1848
0,140,4294967294,105,INDEX,0,0,YES,0,0,3508039,`mysql`.`columns`,PRIMARY,42,15072,0,FILE_PAGE,IO_NONE,NO,1848
0,141,4294967279,104,SYSTEM,1,0,NO,21673286,0,2015280,,,0,0,0,FILE_PAGE,IO_NONE,NO,1776
0,142,4294967278,225,UNDO_LOG,1,0,NO,21674443,0,2015281,,,0,0,0,FILE_PAGE,IO_NONE,NO,1776
0,143,4294967278,104,SYSTEM,1,0,NO,21674443,0,2015281,,,0,0,0,FILE_PAGE,IO_NONE,NO,1776
0,144,4294967278,218,UNDO_LOG,1,0,NO,21672321,0,1707544,,,0,0,0,FILE_PAGE,IO_NONE,NO,1770
0,145,4294967279,218,UNDO_LOG,1,0,NO,21670418,0,966613,,,0,0,0,FILE_PAGE,IO_NONE,NO,1769
0,146,4294967279,221,UNDO_LOG,1,0,NO,21671115,0,1707544,,,0,0,0,FILE_PAGE,IO_NONE,NO,1770
0,147,4294967279,102,SYSTEM,1,0,NO,21671115,0,1707544,,,0,0,0,FILE_PAGE,IO_NONE,NO,1770
0,148,4294967278,221,UNDO_LOG,1,0,NO,21672295,0,1707545,,,0,0,0,FILE_PAGE,IO_NONE,NO,1770
0,149,4294967278,102,SYSTEM,1,0,NO,21672295,0,1707545,,,0,0,0,FILE_PAGE,IO_NONE,NO,1770
0,150,4294967294,24,INDEX,0,0,NO,0,0,2675510,`mysql`.`column_type_elements`,PRIMARY,3,63,0,FILE_PAGE,IO_NONE,NO,1787
0,151,4294967294,157,INDEX,0,0,YES,0,0,3508038,`mysql`.`tables`,PRIMARY,19,5480,0,FILE_PAGE,IO_NONE,NO,1848
0,152,0,0,UNKNOWN,0,0,NO,0,0,0,,,0,0,0,MEMORY,IO_NONE,NO,0
0,153,0,0,UNKNOWN,0,0,NO,0,0,0,,,0,0,0,MEMORY,IO_NONE,NO,0
0,154,4294967294,165,INDEX,0,0,YES,0,0,3508034,`mysql`.`columns`,PRIMARY,80,15152,0,FILE_PAGE,IO_NONE,NO,1848
0,155,4294967294,160,INDEX,0,0,YES,0,0,3508031,`mysql`.`columns`,PRIMARY,53,14537,0,FILE_PAGE,IO_NONE,NO,1848
0,156,4294967279,298,UNDO_LOG,1,0,NO,21506715,0,870114,,,0,0,0,FILE_PAGE,IO_NONE,NO,1613
0,157,4294967279,74,SYSTEM,1,0,NO,21506715,0,870114,,,0,0,0,FILE_PAGE,IO_NONE,NO,1613
0,158,4294967278,187,UNDO_LOG,1,0,NO,21533798,0,870120,,,0,0,0,FILE_PAGE,IO_NONE,NO,1613
0,159,4294967294,162,INDEX,0,0,NO,0,0,2675511,`mysql`.`column_type_elements`,PRIMARY,355,15009,0,FILE_PAGE,IO_NONE,NO,1787
0,160,4294967294,102,INDEX,0,0,NO,0,0,2675511,`mysql`.`view_table_usage`,PRIMARY,172,12596,0,FILE_PAGE,IO_NONE,NO,1787
0,161,4294967294,100,INDEX,0,0,NO,0,0,2675511,`mysql`.`view_routine_usage`,PRIMARY,66,3154,0,FILE_PAGE,IO_NONE,NO,1787
0,162,4294967294,11,INDEX,0,0,NO,0,0,2675514,`mysql`.`catalogs`,name,1,17,0,FILE_PAGE,IO_NONE,NO,1787
0,163,4294967294,66,INDEX,0,0,NO,0,0,2675515,`mysql`.`schemata`,catalog_id,5,159,0,FILE_PAGE,IO_NONE,NO,1787
0,164,4294967294,464,INDEX,1,0,YES,21618188,0,870120,`mysql`.`columns`,PRIMARY,146,15155,0,FILE_PAGE,IO_NONE,NO,1848
0,165,0,7,SYSTEM,1,0,NO,21661524,0,870122,,,0,0,0,FILE_PAGE,IO_NONE,NO,1730
0,166,4294967279,188,UNDO_LOG,1,0,NO,21521031,0,870122,,,0,0,0,FILE_PAGE,IO_NONE,NO,1613
0,167,4294967278,310,UNDO_LOG,1,0,NO,21533798,0,870123,,,0,0,0,FILE_PAGE,IO_NONE,NO,1613
0,168,53,0,FILE_SPACE_HEADER,0,0,NO,21525245,0,870127,,,0,0,0,FILE_PAGE,IO_NONE,NO,1613
0,169,53,1,IBUF_BITMAP,0,0,NO,21521248,0,870127,,,0,0,0,FILE_PAGE,IO_NONE,NO,1613
0,170,4294967294,158,INDEX,0,0,YES,0,0,2675515,`mysql`.`tables`,PRIMARY,20,15365,0,FILE_PAGE,IO_NONE,NO,1787
0,171,4294967294,182,INDEX,0,0,YES,0,0,2675515,`mysql`.`tables`,PRIMARY,31,15128,0,FILE_PAGE,IO_NONE,NO,1787
0,172,4294967294,159,INDEX,0,0,YES,0,0,2675516,`mysql`.`tables`,PRIMARY,6,14421,0,FILE_PAGE,IO_NONE,NO,1787
0,173,4294967294,166,INDEX,0,0,YES,0,0,2675516,`mysql`.`tables`,PRIMARY,5,14358,0,FILE_PAGE,IO_NONE,NO,1787
0,174,4294967294,169,INDEX,0,0,YES,0,0,2675516,`mysql`.`tables`,PRIMARY,5,14434,0,FILE_PAGE,IO_NONE,NO,1787
0,175,4294967294,175,INDEX,0,0,YES,0,0,2675516,`mysql`.`tables`,PRIMARY,4,13309,0,FILE_PAGE,IO_NONE,NO,1787
0,176,0,0,UNKNOWN,0,0,NO,0,0,0,,,0,0,0,MEMORY,IO_NONE,NO,0
0,177,53,2,INODE,0,0,NO,21525245,0,870127,,,0,0,0,FILE_PAGE,IO_NONE,NO,1613
0,178,53,3,SDI_INDEX,0,0,NO,21533233,0,870127,,,2,1421,0,FILE_PAGE,IO_NONE,NO,1613
0,179,4294967278,188,UNDO_LOG,1,0,NO,21524040,0,870127,,,0,0,0,FILE_PAGE,IO_NONE,NO,1613
0,180,53,4,INDEX,0,0,NO,21567978,0,870128,,,0,0,0,FILE_PAGE,IO_NONE,NO,1613
0,181,4294967279,189,UNDO_LOG,1,0,NO,21525477,0,870128,,,0,0,0,FILE_PAGE,IO_NONE,NO,1613
0,182,4294967278,189,UNDO_LOG,1,0,NO,21526606,0,870129,,,0,0,0,FILE_PAGE,IO_NONE,NO,1613
0,183,4294967294,171,INDEX,0,0,YES,0,0,2675582,`mysql`.`columns`,PRIMARY,61,10876,0,FILE_PAGE,IO_NONE,NO,1787
0,184,0,0,UNKNOWN,0,0,NO,0,0,0,,,0,0,0,NOT_USED,IO_NONE,NO,0
0,185,0,0,UNKNOWN,0,0,NO,0,0,0,,,0,0,0,NOT_USED,IO_NONE,NO,0
0,186,4294967294,18,INDEX,0,0,NO,0,0,2675583,`mysql`.`collations`,PRIMARY,2,36,0,FILE_PAGE,IO_NONE,NO,1787
0,187,4294967294,123,INDEX,0,0,YES,0,0,2675583,`mysql`.`collations`,PRIMARY,143,8625,0,FILE_PAGE,IO_NONE,NO,1787
0,188,4294967294,449,INDEX,0,0,YES,0,0,2792579,`mysql`.`columns`,PRIMARY,89,14903,0,FILE_PAGE,IO_NONE,NO,1787
0,189,4294967294,12,INDEX,0,0,YES,0,0,2675583,`mysql`.`character_sets`,PRIMARY,41,2637,0,FILE_PAGE,IO_NONE,NO,1787
0,190,4294967294,122,INDEX,0,0,YES,0,0,2675583,`mysql`.`collations`,PRIMARY,129,7267,0,FILE_PAGE,IO_NONE,NO,1787
0,191,0,0,UNKNOWN,0,0,NO,0,0,0,,,0,0,0,MEMORY,IO_NONE,NO,0
0,192,4294967294,193,INDEX,0,0,YES,0,0,3508073,`mysql`.`tables`,PRIMARY,5,14697,0,FILE_PAGE,IO_NONE,NO,1848
0,193,4294967294,1034,INDEX,0,0,YES,0,0,3508074,`mysql`.`columns`,table_id,484,15844,0,FILE_PAGE,IO_NONE,NO,1848
0,194,4294967294,461,INDEX,0,0,YES,0,0,3508074,`mysql`.`columns`,PRIMARY,103,14998,0,FILE_PAGE,IO_NONE,NO,1848
0,195,4294967294,40,INDEX,0,0,NO,0,0,870085,`mysql`.`foreign_keys`,table_id,51,2094,0,FILE_PAGE,IO_NONE,NO,1787
0,196,0,0,UNKNOWN,0,0,NO,0,0,0,,,0,0,0,NOT_USED,IO_NONE,NO,0
0,197,4294967294,192,INDEX,0,0,YES,0,0,3508074,`mysql`.`tables`,PRIMARY,5,13955,0,FILE_PAGE,IO_NONE,NO,1848
0,198,4294967294,194,INDEX,0,0,YES,0,0,870140,`mysql`.`tables`,PRIMARY,5,14087,0,FILE_PAGE,IO_NONE,NO,1848
0,199,4294967294,460,INDEX,0,0,YES,0,0,3508075,`mysql`.`columns`,PRIMARY,112,15142,0,FILE_PAGE,IO_NONE,NO,1848
0,200,4294967294,1035,INDEX,0,0,YES,0,0,3508075,`mysql`.`tables`,PRIMARY,5,14191,0,FILE_PAGE,IO_NONE,NO,1848
0,201,4294967294,150,INDEX,0,0,YES,0,0,3508076,`mysql`.`columns`,table_id,230,8407,0,FILE_PAGE,IO_NONE,NO,1848
0,202,4294967294,413,INDEX,0,0,YES,0,0,870140,`mysql`.`tables`,PRIMARY,28,6812,0,FILE_PAGE,IO_NONE,NO,1787
0,203,4294967294,437,INDEX,0,0,YES,0,0,3508077,`mysql`.`tables`,PRIMARY,4,13034,0,FILE_PAGE,IO_NONE,NO,1848
0,204,0,0,UNKNOWN,0,0,NO,0,0,0,,,0,0,0,NOT_USED,IO_NONE,NO,0
0,205,0,0,UNKNOWN,0,0,NO,0,0,0,,,0,0,0,NOT_USED,IO_NONE,NO,0
0,206,0,0,UNKNOWN,0,0,NO,0,0,0,,,0,0,0,NOT_USED,IO_NONE,NO,0
0,207,4294967278,0,FILE_SPACE_HEADER,1,0,NO,21642060,0,870142,,,0,0,0,FILE_PAGE,IO_NONE,NO,1730
0,208,0,0,UNKNOWN,0,0,NO,0,0,0,,,0,0,0,NOT_USED,IO_NONE,NO,0
0,209,0,0,UNKNOWN,0,0,NO,0,0,0,,,0,0,0,NOT_USED,IO_NONE,NO,0
0,210,0,0,UNKNOWN,0,0,NO,0,0,0,,,0,0,0,NOT_USED,IO_NONE,NO,0
0,211,4294967279,85,SYSTEM,1,0,NO,21568330,0,872045,,,0,0,0,FILE_PAGE,IO_NONE,NO,1702
0,212,4294967279,191,UNDO_LOG,1,0,NO,21538807,0,870141,,,0,0,0,FILE_PAGE,IO_NONE,NO,1613
0,213,4294967279,339,UNDO_LOG,1,0,NO,21568330,0,872045,,,0,0,0,FILE_PAGE,IO_NONE,NO,1702
0,214,4294967278,211,UNDO_LOG,1,0,NO,21669732,0,872118,,,0,0,0,FILE_PAGE,IO_NONE,NO,1730
0,215,4294967279,212,UNDO_LOG,1,0,NO,21658387,0,872117,,,0,0,0,FILE_PAGE,IO_NONE,NO,1730
0,216,4294967294,90,INDEX,1,0,NO,21663352,0,870087,`mysql`.`tablespace_files`,tablespace_id,10,536,0,FILE_PAGE,IO_NONE,NO,1848
0,217,0,0,UNKNOWN,0,0,NO,0,0,0,,,0,0,0,NOT_USED,IO_NONE,NO,0
0,218,4294967278,210,UNDO_LOG,1,0,NO,21669732,0,872116,,,0,0,0,FILE_PAGE,IO_NONE,NO,1730
0,219,0,0,UNKNOWN,0,0,NO,0,0,0,,,0,0,0,NOT_USED,IO_NONE,NO,0
0,220,4294967294,92,INDEX,1,0,NO,21663158,0,870086,`mysql`.`tablespaces`,PRIMARY,10,1340,0,FILE_PAGE,IO_NONE,NO,1848
0,221,0,0,UNKNOWN,0,0,NO,0,0,0,,,0,0,0,NOT_USED,IO_NONE,NO,0
0,222,0,0,UNKNOWN,0,0,NO,0,0,0,,,0,0,0,NOT_USED,IO_NONE,NO,0
0,223,0,0,UNKNOWN,0,0,NO,0,0,0,,,0,0,0,NOT_USED,IO_NONE,NO,0
0,224,4294967294,448,INDEX,0,0,YES,0,0,3508065,`mysql`.`columns`,PRIMARY,43,15140,0,FILE_PAGE,IO_NONE,NO,1848
0,225,0,0,UNKNOWN,0,0,NO,0,0,0,,,0,0,0,NOT_USED,IO_NONE,NO,0
0,226,0,0,UNKNOWN,0,0,NO,0,0,0,,,0,0,0,NOT_USED,IO_NONE,NO,0
0,227,0,0,UNKNOWN,0,0,NO,0,0,0,,,0,0,0,NOT_USED,IO_NONE,NO,0
0,228,4294967294,17,INDEX,0,0,NO,0,0,870086,`mysql`.`check_constraints`,table_id,0,0,0,FILE_PAGE,IO_NONE,NO,1787
0,229,4294967278,370,UNDO_LOG,1,0,NO,21653805,0,872103,,,0,0,0,FILE_PAGE,IO_NONE,NO,1730
0,230,4294967278,94,SYSTEM,1,0,NO,21653805,0,872103,,,0,0,0,FILE_PAGE,IO_NONE,NO,1730
0,231,4294967279,207,UNDO_LOG,1,0,NO,21640939,0,872102,,,0,0,0,FILE_PAGE,IO_NONE,NO,1730
0,232,4294967294,41,INDEX,0,0,NO,0,0,870086,`mysql`.`foreign_keys`,referenced_table_catalog,51,1718,0,FILE_PAGE,IO_NONE,NO,1787
0,233,4294967278,206,UNDO_LOG,1,0,NO,21653805,0,872101,,,0,0,0,FILE_PAGE,IO_NONE,NO,1730
0,234,0,0,UNKNOWN,0,0,NO,0,0,0,,,0,0,0,NOT_USED,IO_NONE,NO,0
0,235,4294967278,91,SYSTEM,1,0,NO,21635914,0,872098,,,0,0,0,FILE_PAGE,IO_NONE,NO,1730
0,236,4294967278,369,UNDO_LOG,1,0,NO,21551691,0,870142,,,0,0,0,FILE_PAGE,IO_NONE,NO,1613
0,237,0,0,UNKNOWN,0,0,NO,0,0,0,,,0,0,0,NOT_USED,IO_NONE,NO,0
0,238,0,0,UNKNOWN,0,0,NO,0,0,0,,,0,0,0,NOT_USED,IO_NONE,NO,0
0,239,0,0,UNKNOWN,0,0,NO,0,0,0,,,0,0,0,NOT_USED,IO_NONE,NO,0
0,240,4294967294,412,INDEX,0,0,YES,0,0,3508066,`mysql`.`columns`,PRIMARY,29,15076,0,FILE_PAGE,IO_NONE,NO,1848
0,241,0,0,UNKNOWN,0,0,NO,0,0,0,,,0,0,0,NOT_USED,IO_NONE,NO,0
0,242,0,0,UNKNOWN,0,0,NO,0,0,0,,,0,0,0,NOT_USED,IO_NONE,NO,0
0,243,56,4,INDEX,1,0,NO,21676610,0,872090,`shome`.`app_user`,PRIMARY,0,0,0,FILE_PAGE,IO_NONE,NO,1823
0,244,4294967278,204,UNDO_LOG,1,0,NO,21626155,0,872089,,,0,0,0,FILE_PAGE,IO_NONE,NO,1730
0,245,4294967278,346,INODE,1,0,NO,21642060,0,870142,,,0,0,0,FILE_PAGE,IO_NONE,NO,1730
0,246,0,0,UNKNOWN,0,0,NO,0,0,0,,,0,0,0,NOT_USED,IO_NONE,NO,0
0,247,0,0,UNKNOWN,0,0,NO,0,0,0,,,0,0,0,MEMORY,IO_NONE,NO,0
0,248,56,3,SDI_INDEX,1,0,NO,21635349,0,872088,`SDI_56`,CLUST_IND_SDI,2,1422,0,FILE_PAGE,IO_NONE,NO,1730
0,249,0,0,UNKNOWN,0,0,NO,0,0,0,,,0,0,0,NOT_USED,IO_NONE,NO,0
0,250,0,0,UNKNOWN,0,0,NO,0,0,0,,,0,0,0,NOT_USED,IO_NONE,NO,0
0,251,0,0,UNKNOWN,0,0,NO,0,0,0,,,0,0,0,NOT_USED,IO_NONE,NO,0
0,252,0,0,UNKNOWN,0,0,NO,0,0,0,,,0,0,0,NOT_USED,IO_NONE,NO,0
0,253,0,0,UNKNOWN,0,0,NO,0,0,0,,,0,0,0,NOT_USED,IO_NONE,NO,0
0,254,0,0,UNKNOWN,0,0,NO,0,0,0,,,0,0,0,NOT_USED,IO_NONE,NO,0
0,255,0,0,UNKNOWN,0,0,NO,0,0,0,,,0,0,0,NOT_USED,IO_NONE,NO,0
0,256,0,0,UNKNOWN,0,0,NO,0,0,0,,,0,0,0,NOT_USED,IO_NONE,NO,0
0,257,0,0,UNKNOWN,0,0,NO,0,0,0,,,0,0,0,NOT_USED,IO_NONE,NO,0
0,258,0,0,UNKNOWN,0,0,NO,0,0,0,,,0,0,0,NOT_USED,IO_NONE,NO,0
0,259,0,0,UNKNOWN,0,0,NO,0,0,0,,,0,0,0,NOT_USED,IO_NONE,NO,0
0,260,4294967294,198,INDEX,1,0,YES,21665110,0,870084,`mysql`.`tables`,PRIMARY,14,2202,0,FILE_PAGE,IO_NONE,NO,1787
0,261,0,0,UNKNOWN,0,0,NO,0,0,0,,,0,0,0,NOT_USED,IO_NONE,NO,0
0,262,0,0,UNKNOWN,0,0,NO,0,0,0,,,0,0,0,NOT_USED,IO_NONE,NO,0
0,263,0,0,UNKNOWN,0,0,NO,0,0,0,,,0,0,0,NOT_USED,IO_NONE,NO,0
0,264,0,0,UNKNOWN,0,0,NO,0,0,0,,,0,0,0,NOT_USED,IO_NONE,NO,0
0,265,0,0,UNKNOWN,0,0,NO,0,0,0,,,0,0,0,NOT_USED,IO_NONE,NO,0
0,266,0,0,UNKNOWN,0,0,NO,0,0,0,,,0,0,0,NOT_USED,IO_NONE,NO,0
0,267,0,0,UNKNOWN,0,0,NO,0,0,0,,,0,0,0,NOT_USED,IO_NONE,NO,0
0,268,0,0,UNKNOWN,0,0,NO,0,0,0,,,0,0,0,NOT_USED,IO_NONE,NO,0
0,269,0,0,UNKNOWN,0,0,NO,0,0,0,,,0,0,0,NOT_USED,IO_NONE,NO,0
0,270,0,0,UNKNOWN,0,0,NO,0,0,0,,,0,0,0,NOT_USED,IO_NONE,NO,0
0,271,0,0,UNKNOWN,0,0,NO,0,0,0,,,0,0,0,NOT_USED,IO_NONE,NO,0
0,272,0,0,UNKNOWN,0,0,NO,0,0,0,,,0,0,0,NOT_USED,IO_NONE,NO,0
0,273,0,0,UNKNOWN,0,0,NO,0,0,0,,,0,0,0,NOT_USED,IO_NONE,NO,0
0,274,0,0,UNKNOWN,0,0,NO,0,0,0,,,0,0,0,NOT_USED,IO_NONE,NO,0
0,275,0,0,UNKNOWN,0,0,NO,0,0,0,,,0,0,0,NOT_USED,IO_NONE,NO,0
0,276,0,0,UNKNOWN,0,0,NO,0,0,0,,,0,0,0,NOT_USED,IO_NONE,NO,0
0,277,0,0,UNKNOWN,0,0,NO,0,0,0,,,0,0,0,NOT_USED,IO_NONE,NO,0
0,278,0,0,UNKNOWN,0,0,NO,0,0,0,,,0,0,0,NOT_USED,IO_NONE,NO,0
0,279,0,0,UNKNOWN,0,0,NO,0,0,0,,,0,0,0,NOT_USED,IO_NONE,NO,0
0,280,0,0,UNKNOWN,0,0,NO,0,0,0,,,0,0,0,NOT_USED,IO_NONE,NO,0
0,281,56,2,INODE,1,0,NO,21627360,0,872088,,,0,0,0,FILE_PAGE,IO_NONE,NO,1730
0,282,0,0,UNKNOWN,0,0,NO,0,0,0,,,0,0,0,NOT_USED,IO_NONE,NO,0
0,283,0,0,UNKNOWN,0,0,NO,0,0,0,,,0,0,0,NOT_USED,IO_NONE,NO,0
0,284,0,0,UNKNOWN,0,0,NO,0,0,0,,,0,0,0,NOT_USED,IO_NONE,NO,0
0,285,0,0,UNKNOWN,0,0,NO,0,0,0,,,0,0,0,NOT_USED,IO_NONE,NO,0
0,286,0,0,UNKNOWN,0,0,NO,0,0,0,,,0,0,0,NOT_USED,IO_NONE,NO,0
0,287,0,0,UNKNOWN,0,0,NO,0,0,0,,,0,0,0,MEMORY,IO_NONE,NO,0
0,288,0,0,UNKNOWN,0,0,NO,0,0,0,,,0,0,0,MEMORY,IO_NONE,NO,0
0,289,0,0,UNKNOWN,0,0,NO,0,0,0,,,0,0,0,NOT_USED,IO_NONE,NO,0
0,290,0,0,UNKNOWN,0,0,NO,0,0,0,,,0,0,0,NOT_USED,IO_NONE,NO,0
0,291,0,0,UNKNOWN,0,0,NO,0,0,0,,,0,0,0,NOT_USED,IO_NONE,NO,0
0,292,0,0,UNKNOWN,0,0,NO,0,0,0,,,0,0,0,NOT_USED,IO_NONE,NO,0
0,293,0,0,UNKNOWN,0,0,NO,0,0,0,,,0,0,0,NOT_USED,IO_NONE,NO,0
0,294,0,0,UNKNOWN,0,0,NO,0,0,0,,,0,0,0,NOT_USED,IO_NONE,NO,0
0,295,0,0,UNKNOWN,0,0,NO,0,0,0,,,0,0,0,NOT_USED,IO_NONE,NO,0
0,296,0,0,UNKNOWN,0,0,NO,0,0,0,,,0,0,0,NOT_USED,IO_NONE,NO,0
0,297,0,0,UNKNOWN,0,0,NO,0,0,0,,,0,0,0,NOT_USED,IO_NONE,NO,0
0,298,0,0,UNKNOWN,0,0,NO,0,0,0,,,0,0,0,NOT_USED,IO_NONE,NO,0
0,299,0,0,UNKNOWN,0,0,NO,0,0,0,,,0,0,0,NOT_USED,IO_NONE,NO,0
0,300,0,0,UNKNOWN,0,0,NO,0,0,0,,,0,0,0,NOT_USED,IO_NONE,NO,0
0,301,0,0,UNKNOWN,0,0,NO,0,0,0,,,0,0,0,NOT_USED,IO_NONE,NO,0
0,302,0,0,UNKNOWN,0,0,NO,0,0,0,,,0,0,0,NOT_USED,IO_NONE,NO,0
0,303,0,0,UNKNOWN,0,0,NO,0,0,0,,,0,0,0,NOT_USED,IO_NONE,NO,0
0,304,0,0,UNKNOWN,0,0,NO,0,0,0,,,0,0,0,NOT_USED,IO_NONE,NO,0
0,305,0,0,UNKNOWN,0,0,NO,0,0,0,,,0,0,0,NOT_USED,IO_NONE,NO,0
0,306,4294967294,7,INDEX,1,0,NO,21676444,0,870089,`mysql`.`innodb_index_stats`,PRIMARY,22,2004,0,FILE_PAGE,IO_NONE,NO,1782
0,307,4294967294,8,INDEX,1,0,NO,21669882,0,870090,`mysql`.`innodb_ddl_log`,PRIMARY,0,0,0,FILE_PAGE,IO_NONE,NO,1702
0,308,4294967294,454,INDEX,0,0,YES,0,0,3508077,`mysql`.`columns`,PRIMARY,75,11651,0,FILE_PAGE,IO_NONE,NO,1848
0,309,4294967294,455,INDEX,0,0,YES,0,0,3508077,`mysql`.`columns`,PRIMARY,78,11529,0,FILE_PAGE,IO_NONE,NO,1848
0,310,4294967294,9,INDEX,1,0,NO,21669875,0,870090,`mysql`.`innodb_ddl_log`,thread_id,0,0,0,FILE_PAGE,IO_NONE,NO,1702
0,311,4294967294,148,INDEX,0,0,YES,0,0,3508078,`mysql`.`tables`,PRIMARY,3,11998,0,FILE_PAGE,IO_NONE,NO,1848
0,312,4294967294,153,INDEX,0,0,YES,0,0,3508078,`mysql`.`tables`,PRIMARY,5,12948,0,FILE_PAGE,IO_NONE,NO,1848
0,313,4294967294,456,INDEX,0,0,YES,0,0,3508078,`mysql`.`columns`,PRIMARY,60,8178,0,FILE_PAGE,IO_NONE,NO,1848
0,314,4294967294,155,INDEX,0,0,YES,0,0,3508079,`mysql`.`tables`,PRIMARY,6,12776,0,FILE_PAGE,IO_NONE,NO,1848
0,315,4294967294,196,INDEX,0,0,YES,0,0,3508079,`mysql`.`tables`,PRIMARY,2,13383,0,FILE_PAGE,IO_NONE,NO,1848
0,316,4294967294,462,INDEX,0,0,YES,0,0,3508079,`mysql`.`columns`,PRIMARY,118,14596,0,FILE_PAGE,IO_NONE,NO,1848
0,317,4294967294,436,INDEX,0,0,YES,0,0,3508080,`mysql`.`tables`,PRIMARY,6,14463,0,FILE_PAGE,IO_NONE,NO,1848
0,318,4294967294,457,INDEX,0,0,YES,0,0,3508080,`mysql`.`columns`,PRIMARY,75,8964,0,FILE_PAGE,IO_NONE,NO,1848
0,319,4294967294,1026,INDEX,0,0,YES,0,0,3508081,`mysql`.`tables`,PRIMARY,5,12959,0,FILE_PAGE,IO_NONE,NO,1848
0,320,4294967294,114,INDEX,0,0,YES,0,0,3508045,`mysql`.`columns`,PRIMARY,39,13795,0,FILE_PAGE,IO_NONE,NO,1848
0,321,4294967294,458,INDEX,0,0,YES,0,0,3508081,`mysql`.`columns`,PRIMARY,112,15147,0,FILE_PAGE,IO_NONE,NO,1848
0,322,0,0,UNKNOWN,0,0,NO,0,0,0,,,0,0,0,MEMORY,IO_NONE,NO,0
0,323,4294967294,93,INDEX,1,0,NO,21663222,0,870091,`mysql`.`tablespaces`,name,10,269,0,FILE_PAGE,IO_NONE,NO,1702
0,324,4294967294,1024,INDEX,0,0,YES,0,0,3508082,`mysql`.`tables`,PRIMARY,4,12850,0,FILE_PAGE,IO_NONE,NO,1848
0,325,4294967278,359,UNDO_LOG,1,0,NO,21567616,0,643325,,,0,0,0,FILE_PAGE,IO_NONE,NO,1613
0,326,4294967278,80,SYSTEM,1,0,NO,21567616,0,643325,,,0,0,0,FILE_PAGE,IO_NONE,NO,1613
0,327,4294967294,391,INDEX,0,0,YES,0,0,3508070,`mysql`.`columns`,PRIMARY,107,15077,0,FILE_PAGE,IO_NONE,NO,1848
0,328,4294967294,1027,INDEX,0,0,YES,0,0,3508085,`mysql`.`tables`,PRIMARY,2,10040,0,FILE_PAGE,IO_NONE,NO,1848
0,329,0,0,UNKNOWN,0,0,NO,0,0,0,,,0,0,0,NOT_USED,IO_NONE,NO,0
0,330,0,0,UNKNOWN,0,0,NO,0,0,0,,,0,0,0,NOT_USED,IO_NONE,NO,0
0,331,4294967294,1028,INDEX,0,0,YES,0,0,3508085,`mysql`.`tables`,PRIMARY,3,12471,0,FILE_PAGE,IO_NONE,NO,1848
0,332,4294967294,1029,INDEX,0,0,YES,0,0,3508086,`mysql`.`tables`,PRIMARY,5,14421,0,FILE_PAGE,IO_NONE,NO,1848
0,333,4294967278,77,SYSTEM,1,0,NO,21551691,0,643325,,,0,0,0,FILE_PAGE,IO_NONE,NO,1613
0,334,4294967294,459,INDEX,0,0,YES,0,0,3508086,`mysql`.`columns`,PRIMARY,111,15159,0,FILE_PAGE,IO_NONE,NO,1848
0,335,4294967294,91,INDEX,1,0,NO,21663428,0,870090,`mysql`.`tablespace_files`,file_name,10,317,0,FILE_PAGE,IO_NONE,NO,1702
0,336,4294967294,1032,INDEX,0,0,YES,0,0,3508088,`mysql`.`tables`,PRIMARY,5,12437,0,FILE_PAGE,IO_NONE,NO,1848
0,337,4294967294,1030,INDEX,0,0,YES,0,0,3508087,`mysql`.`tables`,PRIMARY,4,13674,0,FILE_PAGE,IO_NONE,NO,1848
0,338,54,3,SDI_INDEX,0,0,NO,21551128,0,870146,,,2,1361,0,FILE_PAGE,IO_NONE,NO,1613
0,339,4294967278,191,UNDO_LOG,1,0,NO,21542873,0,870146,,,0,0,0,FILE_PAGE,IO_NONE,NO,1613
0,340,4294967294,10,INDEX,0,0,NO,0,0,2675514,`mysql`.`catalogs`,PRIMARY,1,39,0,FILE_PAGE,IO_NONE,NO,1787
0,341,4294967294,438,INDEX,1,0,NO,21658097,0,870091,`mysql`.`index_column_usage`,column_id,512,12800,0,FILE_PAGE,IO_NONE,NO,1702
0,342,4294967294,44,INDEX,0,0,NO,0,0,870091,`mysql`.`index_column_usage`,column_id,3,87,0,FILE_PAGE,IO_NONE,NO,1702
0,343,4294967278,74,SYSTEM,1,0,NO,21533798,0,643324,,,0,0,0,FILE_PAGE,IO_NONE,NO,1613
0,344,4294967294,429,INDEX,1,0,NO,21658063,0,870091,`mysql`.`index_column_usage`,index_id_2,230,5980,0,FILE_PAGE,IO_NONE,NO,1702
0,345,4294967294,43,INDEX,1,0,NO,21608363,0,870091,`mysql`.`index_column_usage`,index_id_2,3,90,0,FILE_PAGE,IO_NONE,NO,1702
0,346,4294967279,192,UNDO_LOG,1,0,NO,21544326,0,870147,,,0,0,0,FILE_PAGE,IO_NONE,NO,1613
0,347,54,4,INDEX,0,0,NO,21544094,0,870147,,,0,0,0,FILE_PAGE,IO_NONE,NO,1613
0,348,4294967278,192,UNDO_LOG,1,0,NO,21545432,0,870148,,,0,0,0,FILE_PAGE,IO_NONE,NO,1613
0,349,4294967279,208,UNDO_LOG,1,0,NO,21646458,0,872109,,,0,0,0,FILE_PAGE,IO_NONE,NO,1730
0,350,0,0,UNKNOWN,0,0,NO,0,0,0,,,0,0,0,NOT_USED,IO_NONE,NO,0
0,351,0,0,UNKNOWN,0,0,NO,0,0,0,,,0,0,0,NOT_USED,IO_NONE,NO,0
0,352,4294967279,303,UNDO_LOG,1,0,NO,21586082,0,872063,,,0,0,0,FILE_PAGE,IO_NONE,NO,1702
0,353,0,0,UNKNOWN,0,0,NO,0,0,0,,,0,0,0,NOT_USED,IO_NONE,NO,0
0,354,0,0,UNKNOWN,0,0,NO,0,0,0,,,0,0,0,NOT_USED,IO_NONE,NO,0
0,355,0,0,UNKNOWN,0,0,NO,0,0,0,,,0,0,0,NOT_USED,IO_NONE,NO,0
0,356,0,0,UNKNOWN,0,0,NO,0,0,0,,,0,0,0,NOT_USED,IO_NONE,NO,0
0,357,0,0,UNKNOWN,0,0,NO,0,0,0,,,0,0,0,NOT_USED,IO_NONE,NO,0
0,358,55,0,FILE_SPACE_HEADER,0,0,NO,21560486,0,870160,,,0,0,0,FILE_PAGE,IO_NONE,NO,1613
0,359,55,1,IBUF_BITMAP,0,0,NO,21556490,0,870160,,,0,0,0,FILE_PAGE,IO_NONE,NO,1613
0,360,4294967279,204,UNDO_LOG,1,0,NO,21623137,0,872077,,,0,0,0,FILE_PAGE,IO_NONE,NO,1730
0,361,4294967279,205,UNDO_LOG,1,0,NO,21627608,0,872090,,,0,0,0,FILE_PAGE,IO_NONE,NO,1730
0,362,0,0,UNKNOWN,0,0,NO,0,0,0,,,0,0,0,NOT_USED,IO_NONE,NO,0
0,363,4294967278,205,UNDO_LOG,1,0,NO,21628721,0,872092,,,0,0,0,FILE_PAGE,IO_NONE,NO,1730
0,364,0,0,UNKNOWN,0,0,NO,0,0,0,,,0,0,0,NOT_USED,IO_NONE,NO,0
0,365,4294967279,195,UNDO_LOG,1,0,NO,21560718,0,870161,,,0,0,0,FILE_PAGE,IO_NONE,NO,1613
0,366,0,0,UNKNOWN,0,0,NO,0,0,0,,,0,0,0,NOT_USED,IO_NONE,NO,0
0,367,4294967279,216,UNDO_LOG,1,0,NO,21664558,0,872125,,,0,0,0,FILE_PAGE,IO_NONE,NO,1730
0,368,0,0,UNKNOWN,0,0,NO,0,0,0,,,0,0,0,NOT_USED,IO_NONE,NO,0
0,369,0,0,UNKNOWN,0,0,NO,0,0,0,,,0,0,0,NOT_USED,IO_NONE,NO,0
0,370,58,1,IBUF_BITMAP,1,0,NO,21658604,0,872122,,,0,0,0,FILE_PAGE,IO_NONE,NO,1730
0,371,4294967279,193,UNDO_LOG,1,0,NO,21546039,0,870148,,,0,0,0,FILE_PAGE,IO_NONE,NO,1613
0,372,4294967278,321,UNDO_LOG,1,0,NO,21645005,0,872108,,,0,0,0,FILE_PAGE,IO_NONE,NO,1730
0,373,0,0,UNKNOWN,0,0,NO,0,0,0,,,0,0,0,NOT_USED,IO_NONE,NO,0
0,374,58,3,SDI_INDEX,1,0,NO,21669167,0,872122,`SDI_58`,CLUST_IND_SDI,2,1322,0,FILE_PAGE,IO_NONE,NO,1730
0,375,0,0,UNKNOWN,0,0,NO,0,0,0,,,0,0,0,NOT_USED,IO_NONE,NO,0
0,376,0,0,UNKNOWN,0,0,NO,0,0,0,,,0,0,0,NOT_USED,IO_NONE,NO,0
0,377,0,0,UNKNOWN,0,0,NO,0,0,0,,,0,0,0,NOT_USED,IO_NONE,NO,0
0,378,57,3,SDI_INDEX,1,0,NO,21653242,0,872108,`SDI_57`,CLUST_IND_SDI,2,1359,0,FILE_PAGE,IO_NONE,NO,1730
0,379,0,0,UNKNOWN,0,0,NO,0,0,0,,,0,0,0,NOT_USED,IO_NONE,NO,0
0,380,0,0,UNKNOWN,0,0,NO,0,0,0,,,0,0,0,NOT_USED,IO_NONE,NO,0
0,381,4294967294,26,INDEX,0,0,NO,0,0,870084,`mysql`.`columns`,table_id,14,531,0,FILE_PAGE,IO_NONE,NO,1787
0,382,0,0,UNKNOWN,0,0,NO,0,0,0,,,0,0,0,NOT_USED,IO_NONE,NO,0
0,383,0,0,UNKNOWN,0,0,NO,0,0,0,,,0,0,0,NOT_USED,IO_NONE,NO,0
0,384,57,2,INODE,1,0,NO,21646210,0,872108,,,0,0,0,FILE_PAGE,IO_NONE,NO,1730
0,385,0,0,UNKNOWN,0,0,NO,0,0,0,,,0,0,0,NOT_USED,IO_NONE,NO,0
0,386,0,0,UNKNOWN,0,0,NO,0,0,0,,,0,0,0,NOT_USED,IO_NONE,NO,0
0,387,0,0,UNKNOWN,0,0,NO,0,0,0,,,0,0,0,NOT_USED,IO_NONE,NO,0
0,388,0,0,UNKNOWN,0,0,NO,0,0,0,,,0,0,0,NOT_USED,IO_NONE,NO,0
0,389,57,1,IBUF_BITMAP,1,0,NO,21642215,0,872108,,,0,0,0,FILE_PAGE,IO_NONE,NO,1730
0,390,0,0,UNKNOWN,0,0,NO,0,0,0,,,0,0,0,NOT_USED,IO_NONE,NO,0
0,391,0,0,UNKNOWN,0,0,NO,0,0,0,,,0,0,0,NOT_USED,IO_NONE,NO,0
0,392,0,0,UNKNOWN,0,0,NO,0,0,0,,,0,0,0,NOT_USED,IO_NONE,NO,0
0,393,4294967278,87,SYSTEM,1,0,NO,21578721,0,872058,,,0,0,0,FILE_PAGE,IO_NONE,NO,1702
0,394,4294967278,199,UNDO_LOG,1,0,NO,21583547,0,872059,,,0,0,0,FILE_PAGE,IO_NONE,NO,1702
0,395,0,0,UNKNOWN,0,0,NO,0,0,0,,,0,0,0,NOT_USED,IO_NONE,NO,0
0,396,4294967278,314,UNDO_LOG,1,0,NO,21583547,0,872059,,,0,0,0,FILE_PAGE,IO_NONE,NO,1702
0,397,56,1,IBUF_BITMAP,1,0,NO,21623380,0,872088,,,0,0,0,FILE_PAGE,IO_NONE,NO,1730
0,398,4294967279,210,UNDO_LOG,1,0,NO,21648154,0,872111,,,0,0,0,FILE_PAGE,IO_NONE,NO,1730
0,399,4294967278,208,UNDO_LOG,1,0,NO,21647563,0,872111,,,0,0,0,FILE_PAGE,IO_NONE,NO,1730
0,400,0,0,UNKNOWN,0,0,NO,0,0,0,,,0,0,0,NOT_USED,IO_NONE,NO,0
0,401,0,0,UNKNOWN,0,0,NO,0,0,0,,,0,0,0,NOT_USED,IO_NONE,NO,0
0,402,0,0,UNKNOWN,0,0,NO,0,0,0,,,0,0,0,NOT_USED,IO_NONE,NO,0
0,403,4294967294,15,INDEX,0,0,NO,0,0,3507710,`mysql`.`check_constraints`,PRIMARY,0,0,0,FILE_PAGE,IO_NONE,NO,1848
0,404,4294501266,0,FILE_SPACE_HEADER,1,0,NO,21676907,0,3174477,,,0,0,0,FILE_PAGE,IO_NONE,NO,1848
0,405,0,0,UNKNOWN,0,0,NO,0,0,0,,,0,0,0,NOT_USED,IO_NONE,NO,0
0,406,4294967279,206,UNDO_LOG,1,0,NO,21629318,0,872093,,,0,0,0,FILE_PAGE,IO_NONE,NO,1730
0,407,0,0,UNKNOWN,0,0,NO,0,0,0,,,0,0,0,NOT_USED,IO_NONE,NO,0
0,408,0,0,UNKNOWN,0,0,NO,0,0,0,,,0,0,0,NOT_USED,IO_NONE,NO,0
0,409,0,0,UNKNOWN,0,0,NO,0,0,0,,,0,0,0,NOT_USED,IO_NONE,NO,0
0,410,0,0,UNKNOWN,0,0,NO,0,0,0,,,0,0,0,NOT_USED,IO_NONE,NO,0
0,411,0,0,UNKNOWN,0,0,NO,0,0,0,,,0,0,0,NOT_USED,IO_NONE,NO,0
0,412,0,0,UNKNOWN,0,0,NO,0,0,0,,,0,0,0,NOT_USED,IO_NONE,NO,0
0,413,0,0,UNKNOWN,0,0,NO,0,0,0,,,0,0,0,NOT_USED,IO_NONE,NO,0
0,414,0,0,UNKNOWN,0,0,NO,0,0,0,,,0,0,0,NOT_USED,IO_NONE,NO,0
0,415,0,0,UNKNOWN,0,0,NO,0,0,0,,,0,0,0,NOT_USED,IO_NONE,NO,0
0,416,0,0,UNKNOWN,0,0,NO,0,0,0,,,0,0,0,NOT_USED,IO_NONE,NO,0
0,417,0,0,UNKNOWN,0,0,NO,0,0,0,,,0,0,0,NOT_USED,IO_NONE,NO,0
0,418,0,0,UNKNOWN,0,0,NO,0,0,0,,,0,0,0,NOT_USED,IO_NONE,NO,0
0,419,0,0,UNKNOWN,0,0,NO,0,0,0,,,0,0,0,NOT_USED,IO_NONE,NO,0
0,420,56,0,FILE_SPACE_HEADER,1,0,NO,21627360,0,872088,,,0,0,0,FILE_PAGE,IO_NONE,NO,1730
0,421,4294967294,398,INDEX,0,0,NO,0,0,3508053,`mysql`.`columns`,table_id,219,7964,0,FILE_PAGE,IO_NONE,NO,1848
0,422,0,0,UNKNOWN,0,0,NO,0,0,0,,,0,0,0,NOT_USED,IO_NONE,NO,0
0,423,0,0,UNKNOWN,0,0,NO,0,0,0,,,0,0,0,NOT_USED,IO_NONE,NO,0
0,424,0,0,UNKNOWN,0,0,NO,0,0,0,,,0,0,0,NOT_USED,IO_NONE,NO,0
0,425,0,0,UNKNOWN,0,0,NO,0,0,0,,,0,0,0,NOT_USED,IO_NONE,NO,0
0,426,0,0,UNKNOWN,0,0,NO,0,0,0,,,0,0,0,NOT_USED,IO_NONE,NO,0
0,427,0,0,UNKNOWN,0,0,NO,0,0,0,,,0,0,0,NOT_USED,IO_NONE,NO,0
0,428,0,0,UNKNOWN,0,0,NO,0,0,0,,,0,0,0,NOT_USED,IO_NONE,NO,0
0,429,0,0,UNKNOWN,0,0,NO,0,0,0,,,0,0,0,NOT_USED,IO_NONE,NO,0
0,430,0,0,UNKNOWN,0,0,NO,0,0,0,,,0,0,0,NOT_USED,IO_NONE,NO,0
0,431,0,0,UNKNOWN,0,0,NO,0,0,0,,,0,0,0,NOT_USED,IO_NONE,NO,0
0,432,0,0,UNKNOWN,0,0,NO,0,0,0,,,0,0,0,NOT_USED,IO_NONE,NO,0
0,433,0,0,UNKNOWN,0,0,NO,0,0,0,,,0,0,0,NOT_USED,IO_NONE,NO,0
0,434,57,0,FILE_SPACE_HEADER,1,0,NO,21646210,0,872108,,,0,0,0,FILE_PAGE,IO_NONE,NO,1730
0,435,0,0,UNKNOWN,0,0,NO,0,0,0,,,0,0,0,NOT_USED,IO_NONE,NO,0
0,436,0,0,UNKNOWN,0,0,NO,0,0,0,,,0,0,0,NOT_USED,IO_NONE,NO,0
0,437,0,0,UNKNOWN,0,0,NO,0,0,0,,,0,0,0,NOT_USED,IO_NONE,NO,0
0,438,0,0,UNKNOWN,0,0,NO,0,0,0,,,0,0,0,NOT_USED,IO_NONE,NO,0
0,439,0,0,UNKNOWN,0,0,NO,0,0,0,,,0,0,0,NOT_USED,IO_NONE,NO,0
0,440,4294967278,1,IBUF_BITMAP,0,0,NO,0,0,870142,,,0,0,0,FILE_PAGE,IO_NONE,NO,1730
0,441,54,0,FILE_SPACE_HEADER,0,0,NO,21544094,0,870146,,,0,0,0,FILE_PAGE,IO_NONE,NO,1613
0,442,4294967278,318,UNDO_LOG,1,0,NO,21635914,0,872078,,,0,0,0,FILE_PAGE,IO_NONE,NO,1730
0,443,54,1,IBUF_BITMAP,0,0,NO,21540099,0,870146,,,0,0,0,FILE_PAGE,IO_NONE,NO,1613
0,444,54,2,INODE,0,0,NO,21544094,0,870146,,,0,0,0,FILE_PAGE,IO_NONE,NO,1613
0,445,4294967294,410,INDEX,0,0,YES,0,0,2767885,`mysql`.`columns`,table_id,217,8967,0,FILE_PAGE,IO_NONE,NO,1787
0,446,4294967294,147,INDEX,0,0,YES,0,0,870139,`mysql`.`tables`,PRIMARY,5,15202,0,FILE_PAGE,IO_NONE,NO,1848
0,447,4294967294,450,INDEX,0,0,YES,0,0,2767885,`mysql`.`columns`,PRIMARY,101,15992,0,FILE_PAGE,IO_NONE,NO,1787
0,448,4294967294,1033,INDEX,0,0,YES,0,0,870139,`mysql`.`tables`,PRIMARY,4,14614,0,FILE_PAGE,IO_NONE,NO,1848
0,449,57,4,INDEX,1,0,NO,21646210,0,872109,`shome`.`reading`,PRIMARY,0,0,0,FILE_PAGE,IO_NONE,NO,1730
0,450,0,0,UNKNOWN,0,0,NO,0,0,0,,,0,0,0,NOT_USED,IO_NONE,NO,0
0,451,4294967294,116,INDEX,0,0,NO,0,0,2767886,`mysql`.`index_column_usage`,index_id,342,15022,0,FILE_PAGE,IO_NONE,NO,1787
0,452,4294967294,164,INDEX,0,0,YES,0,0,2767889,`mysql`.`columns`,table_id,232,7923,0,FILE_PAGE,IO_NONE,NO,1787
0,453,0,0,UNKNOWN,0,0,NO,0,0,0,,,0,0,0,NOT_USED,IO_NONE,NO,0
0,454,4294967294,115,INDEX,0,0,YES,0,0,2767889,`mysql`.`columns`,PRIMARY,37,14123,0,FILE_PAGE,IO_NONE,NO,1787
0,455,55,2,INODE,0,0,NO,21560486,0,870160,,,0,0,0,FILE_PAGE,IO_NONE,NO,1613
0,456,4294967278,362,UNDO_LOG,1,0,NO,21574632,0,872047,,,0,0,0,FILE_PAGE,IO_NONE,NO,1702
0,457,0,0,UNKNOWN,0,0,NO,0,0,0,,,0,0,0,NOT_USED,IO_NONE,NO,0
0,458,4294967294,156,INDEX,0,0,YES,0,0,2767889,`mysql`.`columns`,PRIMARY,51,14920,0,FILE_PAGE,IO_NONE,NO,1787
0,459,4294967294,13,INDEX,0,0,NO,0,0,2767890,`mysql`.`character_sets`,name,41,798,0,FILE_PAGE,IO_NONE,NO,1787
0,460,0,0,UNKNOWN,0,0,NO,0,0,0,,,0,0,0,NOT_USED,IO_NONE,NO,0
0,461,0,0,UNKNOWN,0,0,NO,0,0,0,,,0,0,0,NOT_USED,IO_NONE,NO,0
0,462,4294967294,20,INDEX,0,0,NO,0,0,2785056,`mysql`.`collations`,character_set_id,272,5712,0,FILE_PAGE,IO_NONE,NO,1787
0,463,0,0,UNKNOWN,0,0,NO,0,0,0,,,0,0,0,NOT_USED,IO_NONE,NO,0
0,464,4294967278,193,UNDO_LOG,1,0,NO,21567616,0,870153,,,0,0,0,FILE_PAGE,IO_NONE,NO,1613
0,465,4294967279,194,UNDO_LOG,1,0,NO,21556273,0,870154,,,0,0,0,FILE_PAGE,IO_NONE,NO,1613
0,466,55,3,SDI_INDEX,0,0,NO,21567051,0,870160,,,2,1320,0,FILE_PAGE,IO_NONE,NO,1613
0,467,4294967294,14,INDEX,0,0,NO,0,0,2785056,`mysql`.`character_sets`,default_collation_id,41,861,0,FILE_PAGE,IO_NONE,NO,1787
0,468,4294967278,194,UNDO_LOG,1,0,NO,21559265,0,870160,,,0,0,0,FILE_PAGE,IO_NONE,NO,1613
0,469,55,4,INDEX,0,0,NO,21560486,0,870161,,,0,0,0,FILE_PAGE,IO_NONE,NO,1613
0,470,4294967278,195,UNDO_LOG,1,0,NO,21561831,0,870162,,,0,0,0,FILE_PAGE,IO_NONE,NO,1613
0,471,0,0,UNKNOWN,0,0,NO,0,0,0,,,0,0,0,NOT_USED,IO_NONE,NO,0
0,472,0,5,TRX_SYSTEM,1,0,NO,21676907,0,870179,,,0,0,0,FILE_PAGE,IO_NONE,NO,1782
0,473,4294967279,197,UNDO_LOG,1,0,NO,21568017,0,870859,,,0,0,0,FILE_PAGE,IO_NONE,NO,1613
0,474,0,0,UNKNOWN,0,0,NO,0,0,0,,,0,0,0,NOT_USED,IO_NONE,NO,0
0,475,0,0,UNKNOWN,0,0,NO,0,0,0,,,0,0,0,NOT_USED,IO_NONE,NO,0
0,476,4294967279,301,UNDO_LOG,1,0,NO,21575143,0,872054,,,0,0,0,FILE_PAGE,IO_NONE,NO,1702
0,477,0,0,UNKNOWN,0,0,NO,0,0,0,,,0,0,0,NOT_USED,IO_NONE,NO,0
0,478,4294967279,86,SYSTEM,1,0,NO,21575143,0,872054,,,0,0,0,FILE_PAGE,IO_NONE,NO,1702
0,479,4294967279,302,UNDO_LOG,1,0,NO,21578068,0,872057,,,0,0,0,FILE_PAGE,IO_NONE,NO,1702
0,480,4294967279,87,SYSTEM,1,0,NO,21578068,0,872057,,,0,0,0,FILE_PAGE,IO_NONE,NO,1702
0,481,4294967278,317,UNDO_LOG,1,0,NO,21578721,0,872058,,,0,0,0,FILE_PAGE,IO_NONE,NO,1702
0,482,0,0,UNKNOWN,0,0,NO,0,0,0,,,0,0,0,NOT_USED,IO_NONE,NO,0
0,483,4294967278,86,SYSTEM,1,0,NO,21583547,0,872061,,,0,0,0,FILE_PAGE,IO_NONE,NO,1702
0,484,4294967279,89,SYSTEM,1,0,NO,21586082,0,872063,,,0,0,0,FILE_PAGE,IO_NONE,NO,1702
0,485,0,0,UNKNOWN,0,0,NO,0,0,0,,,0,0,0,NOT_USED,IO_NONE,NO,0
0,486,0,0,UNKNOWN,0,0,NO,0,0,0,,,0,0,0,NOT_USED,IO_NONE,NO,0
0,487,0,0,UNKNOWN,0,0,NO,0,0,0,,,0,0,0,NOT_USED,IO_NONE,NO,0
0,488,4294967294,25,INDEX,1,0,NO,21618188,0,870084,`mysql`.`columns`,PRIMARY,49,980,0,FILE_PAGE,IO_NONE,NO,1787
0,489,4294967279,304,UNDO_LOG,1,0,NO,21586492,0,872066,,,0,0,0,FILE_PAGE,IO_NONE,NO,1702
0,490,4294967278,319,UNDO_LOG,1,0,NO,21587151,0,872066,,,0,0,0,FILE_PAGE,IO_NONE,NO,1702
0,491,4294967278,90,SYSTEM,1,0,NO,21587151,0,872066,,,0,0,0,FILE_PAGE,IO_NONE,NO,1702
0,492,4294967278,201,UNDO_LOG,1,0,NO,21591604,0,872067,,,0,0,0,FILE_PAGE,IO_NONE,NO,1702
0,493,4294967278,316,UNDO_LOG,1,0,NO,21591604,0,872068,,,0,0,0,FILE_PAGE,IO_NONE,NO,1702
0,494,0,0,UNKNOWN,0,0,NO,0,0,0,,,0,0,0,NOT_USED,IO_NONE,NO,0
0,495,4294967279,90,SYSTEM,1,0,NO,21586492,0,872066,,,0,0,0,FILE_PAGE,IO_NONE,NO,1702
0,496,4294967279,196,UNDO_LOG,1,0,NO,21562444,0,870164,,,0,0,0,FILE_PAGE,IO_NONE,NO,1613
0,497,4294967278,89,SYSTEM,1,0,NO,21591604,0,872070,,,0,0,0,FILE_PAGE,IO_NONE,NO,1702
0,498,4294967279,305,UNDO_LOG,1,0,NO,21592092,0,872071,,,0,0,0,FILE_PAGE,IO_NONE,NO,1702
0,499,4294967294,188,INDEX,0,0,YES,0,0,3508061,`mysql`.`columns`,PRIMARY,81,15084,0,FILE_PAGE,IO_NONE,NO,1848
0,500,4294967279,91,SYSTEM,1,0,NO,21592092,0,872071,,,0,0,0,FILE_PAGE,IO_NONE,NO,1702
0,501,4294967294,1064,INDEX,1,0,YES,21656803,0,870084,`mysql`.`columns`,table_id,336,11092,0,FILE_PAGE,IO_NONE,NO,1823
0,502,4294967278,203,UNDO_LOG,1,0,NO,21635914,0,872075,,,0,0,0,FILE_PAGE,IO_NONE,NO,1702
0,503,58,0,FILE_SPACE_HEADER,1,0,NO,21662600,0,872122,,,0,0,0,FILE_PAGE,IO_NONE,NO,1730
0,504,0,0,UNKNOWN,0,0,NO,0,0,0,,,0,0,0,NOT_USED,IO_NONE,NO,0
0,505,4294967294,51,INDEX,1,0,NO,21657076,0,870085,`mysql`.`indexes`,table_id,269,8371,0,FILE_PAGE,IO_NONE,NO,1787
0,506,58,2,INODE,1,0,NO,21662600,0,872122,,,0,0,0,FILE_PAGE,IO_NONE,NO,1730
0,507,4294967278,212,UNDO_LOG,1,0,NO,21661395,0,872122,,,0,0,0,FILE_PAGE,IO_NONE,NO,1730
0,508,58,4,INDEX,1,0,NO,21662600,0,872123,`shome`.`user_log`,PRIMARY,0,0,0,FILE_PAGE,IO_NONE,NO,1730
0,509,4294967279,214,UNDO_LOG,1,0,NO,21662848,0,872123,,,0,0,0,FILE_PAGE,IO_NONE,NO,1730
0,510,0,0,UNKNOWN,0,0,NO,0,0,0,,,0,0,0,NOT_USED,IO_NONE,NO,0
0,511,0,0,UNKNOWN,0,0,NO,0,0,0,,,0,0,0,NOT_USED,IO_NONE,NO,0
