def,mysql,innodb_table_stats,0,mysql,PRIMARY,1,database_name,A,3,,,"",BTREE,"","",YES,
def,mysql,innodb_table_stats,0,mysql,PRIMARY,2,table_name,A,7,,,"",BTREE,"","",YES,
def,mysql,innodb_index_stats,0,mysql,PRIMARY,1,database_name,A,3,,,"",BTREE,"","",YES,
def,mysql,innodb_index_stats,0,mysql,PRIMARY,2,table_name,A,7,,,"",BTREE,"","",YES,
def,mysql,innodb_index_stats,0,mysql,PRIMARY,3,index_name,A,7,,,"",BTREE,"","",YES,
def,mysql,innodb_index_stats,0,mysql,PRIMARY,4,stat_name,A,22,,,"",BTREE,"","",YES,
def,performance_schema,cond_instances,0,performance_schema,PRIMARY,1,OBJECT_INSTANCE_BEGIN,,,,,"",HASH,"","",YES,
def,performance_schema,cond_instances,1,performance_schema,NAME,1,NAME,,,,,"",HASH,"","",YES,
def,performance_schema,events_waits_current,0,performance_schema,PRIMARY,1,THREAD_ID,,,,,"",HASH,"","",YES,
def,performance_schema,events_waits_current,0,performance_schema,PRIMARY,2,EVENT_ID,,,,,"",HASH,"","",YES,
def,performance_schema,events_waits_history,0,performance_schema,PRIMARY,1,THREAD_ID,,,,,"",HASH,"","",YES,
def,performance_schema,events_waits_history,0,performance_schema,PRIMARY,2,EVENT_ID,,,,,"",HASH,"","",YES,
def,performance_schema,events_waits_summary_by_host_by_event_name,0,performance_schema,HOST,1,HOST,,,,,YES,HASH,"","",YES,
def,performance_schema,events_waits_summary_by_host_by_event_name,0,performance_schema,HOST,2,EVENT_NAME,,,,,"",HASH,"","",YES,
def,performance_schema,events_waits_summary_by_instance,0,performance_schema,PRIMARY,1,OBJECT_INSTANCE_BEGIN,,,,,"",HASH,"","",YES,
def,performance_schema,events_waits_summary_by_instance,1,performance_schema,EVENT_NAME,1,EVENT_NAME,,,,,"",HASH,"","",YES,
def,performance_schema,events_waits_summary_by_thread_by_event_name,0,performance_schema,PRIMARY,1,THREAD_ID,,,,,"",HASH,"","",YES,
def,performance_schema,events_waits_summary_by_thread_by_event_name,0,performance_schema,PRIMARY,2,EVENT_NAME,,,,,"",HASH,"","",YES,
def,performance_schema,events_waits_summary_by_user_by_event_name,0,performance_schema,USER,1,USER,,,,,YES,HASH,"","",YES,
def,performance_schema,events_waits_summary_by_user_by_event_name,0,performance_schema,USER,2,EVENT_NAME,,,,,"",HASH,"","",YES,
def,performance_schema,events_waits_summary_by_account_by_event_name,0,performance_schema,ACCOUNT,1,USER,,,,,YES,HASH,"","",YES,
def,performance_schema,events_waits_summary_by_account_by_event_name,0,performance_schema,ACCOUNT,2,HOST,,,,,YES,HASH,"","",YES,
def,performance_schema,events_waits_summary_by_account_by_event_name,0,performance_schema,ACCOUNT,3,EVENT_NAME,,,,,"",HASH,"","",YES,
def,performance_schema,events_waits_summary_global_by_event_name,0,performance_schema,PRIMARY,1,EVENT_NAME,,,,,"",HASH,"","",YES,
def,performance_schema,file_instances,0,performance_schema,PRIMARY,1,FILE_NAME,,,,,"",HASH,"","",YES,
def,performance_schema,file_instances,1,performance_schema,EVENT_NAME,1,EVENT_NAME,,,,,"",HASH,"","",YES,
def,performance_schema,file_summary_by_event_name,0,performance_schema,PRIMARY,1,EVENT_NAME,,,,,"",HASH,"","",YES,
def,performance_schema,file_summary_by_instance,0,performance_schema,PRIMARY,1,OBJECT_INSTANCE_BEGIN,,,,,"",HASH,"","",YES,
def,performance_schema,file_summary_by_instance,1,performance_schema,FILE_NAME,1,FILE_NAME,,,,,"",HASH,"","",YES,
def,performance_schema,file_summary_by_instance,1,performance_schema,EVENT_NAME,1,EVENT_NAME,,,,,"",HASH,"","",YES,
def,performance_schema,host_cache,0,performance_schema,PRIMARY,1,IP,,,,,"",HASH,"","",YES,
def,performance_schema,host_cache,1,performance_schema,HOST,1,HOST,,,,,YES,HASH,"","",YES,
def,performance_schema,mutex_instances,0,performance_schema,PRIMARY,1,OBJECT_INSTANCE_BEGIN,,,,,"",HASH,"","",YES,
def,performance_schema,mutex_instances,1,performance_schema,NAME,1,NAME,,,,,"",HASH,"","",YES,
def,performance_schema,mutex_instances,1,performance_schema,LOCKED_BY_THREAD_ID,1,LOCKED_BY_THREAD_ID,,,,,YES,HASH,"","",YES,
def,performance_schema,objects_summary_global_by_type,0,performance_schema,OBJECT,1,OBJECT_TYPE,,,,,YES,HASH,"","",YES,
def,performance_schema,objects_summary_global_by_type,0,performance_schema,OBJECT,2,OBJECT_SCHEMA,,,,,YES,HASH,"","",YES,
def,performance_schema,objects_summary_global_by_type,0,performance_schema,OBJECT,3,OBJECT_NAME,,,,,YES,HASH,"","",YES,
def,performance_schema,rwlock_instances,0,performance_schema,PRIMARY,1,OBJECT_INSTANCE_BEGIN,,,,,"",HASH,"","",YES,
def,performance_schema,rwlock_instances,1,performance_schema,NAME,1,NAME,,,,,"",HASH,"","",YES,
def,performance_schema,rwlock_instances,1,performance_schema,WRITE_LOCKED_BY_THREAD_ID,1,WRITE_LOCKED_BY_THREAD_ID,,,,,YES,HASH,"","",YES,
def,performance_schema,setup_actors,0,performance_schema,PRIMARY,1,HOST,,,,,"",HASH,"","",YES,
def,performance_schema,setup_actors,0,performance_schema,PRIMARY,2,USER,,,,,"",HASH,"","",YES,
def,performance_schema,setup_actors,0,performance_schema,PRIMARY,3,ROLE,,,,,"",HASH,"","",YES,
def,performance_schema,setup_consumers,0,performance_schema,PRIMARY,1,NAME,,,,,"",HASH,"","",YES,
def,performance_schema,setup_instruments,0,performance_schema,PRIMARY,1,NAME,,,,,"",HASH,"","",YES,
def,performance_schema,setup_objects,0,performance_schema,OBJECT,1,OBJECT_TYPE,,,,,"",HASH,"","",YES,
def,performance_schema,setup_objects,0,performance_schema,OBJECT,2,OBJECT_SCHEMA,,,,,YES,HASH,"","",YES,
def,performance_schema,setup_objects,0,performance_schema,OBJECT,3,OBJECT_NAME,,,,,"",HASH,"","",YES,
def,performance_schema,setup_threads,0,performance_schema,PRIMARY,1,NAME,,,,,"",HASH,"","",YES,
def,performance_schema,table_io_waits_summary_by_index_usage,0,performance_schema,OBJECT,1,OBJECT_TYPE,,,,,YES,HASH,"","",YES,
def,performance_schema,table_io_waits_summary_by_index_usage,0,performance_schema,OBJECT,2,OBJECT_SCHEMA,,,,,YES,HASH,"","",YES,
def,performance_schema,table_io_waits_summary_by_index_usage,0,performance_schema,OBJECT,3,OBJECT_NAME,,,,,YES,HASH,"","",YES,
def,performance_schema,table_io_waits_summary_by_index_usage,0,performance_schema,OBJECT,4,INDEX_NAME,,,,,YES,HASH,"","",YES,
def,performance_schema,table_io_waits_summary_by_table,0,performance_schema,OBJECT,1,OBJECT_TYPE,,,,,YES,HASH,"","",YES,
def,performance_schema,table_io_waits_summary_by_table,0,performance_schema,OBJECT,2,OBJECT_SCHEMA,,,,,YES,HASH,"","",YES,
def,performance_schema,table_io_waits_summary_by_table,0,performance_schema,OBJECT,3,OBJECT_NAME,,,,,YES,HASH,"","",YES,
def,performance_schema,table_lock_waits_summary_by_table,0,performance_schema,OBJECT,1,OBJECT_TYPE,,,,,YES,HASH,"","",YES,
def,performance_schema,table_lock_waits_summary_by_table,0,performance_schema,OBJECT,2,OBJECT_SCHEMA,,,,,YES,HASH,"","",YES,
def,performance_schema,table_lock_waits_summary_by_table,0,performance_schema,OBJECT,3,OBJECT_NAME,,,,,YES,HASH,"","",YES,
def,performance_schema,threads,0,performance_schema,PRIMARY,1,THREAD_ID,,,,,"",HASH,"","",YES,
def,performance_schema,threads,1,performance_schema,PROCESSLIST_ID,1,PROCESSLIST_ID,,,,,YES,HASH,"","",YES,
def,performance_schema,threads,1,performance_schema,THREAD_OS_ID,1,THREAD_OS_ID,,,,,YES,HASH,"","",YES,
def,performance_schema,threads,1,performance_schema,NAME,1,NAME,,,,,"",HASH,"","",YES,
def,performance_schema,threads,1,performance_schema,PROCESSLIST_ACCOUNT,1,PROCESSLIST_USER,,,,,YES,HASH,"","",YES,
def,performance_schema,threads,1,performance_schema,PROCESSLIST_ACCOUNT,2,PROCESSLIST_HOST,,,,,YES,HASH,"","",YES,
def,performance_schema,threads,1,performance_schema,PROCESSLIST_HOST,1,PROCESSLIST_HOST,,,,,YES,HASH,"","",YES,
def,performance_schema,threads,1,performance_schema,RESOURCE_GROUP,1,RESOURCE_GROUP,,,,,YES,HASH,"","",YES,
def,performance_schema,events_stages_current,0,performance_schema,PRIMARY,1,THREAD_ID,,,,,"",HASH,"","",YES,
def,performance_schema,events_stages_current,0,performance_schema,PRIMARY,2,EVENT_ID,,,,,"",HASH,"","",YES,
def,performance_schema,events_stages_history,0,performance_schema,PRIMARY,1,THREAD_ID,,,,,"",HASH,"","",YES,
def,performance_schema,events_stages_history,0,performance_schema,PRIMARY,2,EVENT_ID,,,,,"",HASH,"","",YES,
def,performance_schema,events_stages_summary_by_thread_by_event_name,0,performance_schema,PRIMARY,1,THREAD_ID,,,,,"",HASH,"","",YES,
def,performance_schema,events_stages_summary_by_thread_by_event_name,0,performance_schema,PRIMARY,2,EVENT_NAME,,,,,"",HASH,"","",YES,
def,performance_schema,events_stages_summary_by_account_by_event_name,0,performance_schema,ACCOUNT,1,USER,,,,,YES,HASH,"","",YES,
def,performance_schema,events_stages_summary_by_account_by_event_name,0,performance_schema,ACCOUNT,2,HOST,,,,,YES,HASH,"","",YES,
def,performance_schema,events_stages_summary_by_account_by_event_name,0,performance_schema,ACCOUNT,3,EVENT_NAME,,,,,"",HASH,"","",YES,
def,performance_schema,events_stages_summary_by_user_by_event_name,0,performance_schema,USER,1,USER,,,,,YES,HASH,"","",YES,
def,performance_schema,events_stages_summary_by_user_by_event_name,0,performance_schema,USER,2,EVENT_NAME,,,,,"",HASH,"","",YES,
def,performance_schema,events_stages_summary_by_host_by_event_name,0,performance_schema,HOST,1,HOST,,,,,YES,HASH,"","",YES,
def,performance_schema,events_stages_summary_by_host_by_event_name,0,performance_schema,HOST,2,EVENT_NAME,,,,,"",HASH,"","",YES,
def,performance_schema,events_stages_summary_global_by_event_name,0,performance_schema,PRIMARY,1,EVENT_NAME,,,,,"",HASH,"","",YES,
def,performance_schema,events_statements_current,0,performance_schema,PRIMARY,1,THREAD_ID,,,,,"",HASH,"","",YES,
def,performance_schema,events_statements_current,0,performance_schema,PRIMARY,2,EVENT_ID,,,,,"",HASH,"","",YES,
def,performance_schema,events_statements_history,0,performance_schema,PRIMARY,1,THREAD_ID,,,,,"",HASH,"","",YES,
def,performance_schema,events_statements_history,0,performance_schema,PRIMARY,2,EVENT_ID,,,,,"",HASH,"","",YES,
def,performance_schema,events_statements_summary_by_thread_by_event_name,0,performance_schema,PRIMARY,1,THREAD_ID,,,,,"",HASH,"","",YES,
def,performance_schema,events_statements_summary_by_thread_by_event_name,0,performance_schema,PRIMARY,2,EVENT_NAME,,,,,"",HASH,"","",YES,
def,performance_schema,events_statements_summary_by_account_by_event_name,0,performance_schema,ACCOUNT,1,USER,,,,,YES,HASH,"","",YES,
def,performance_schema,events_statements_summary_by_account_by_event_name,0,performance_schema,ACCOUNT,2,HOST,,,,,YES,HASH,"","",YES,
def,performance_schema,events_statements_summary_by_account_by_event_name,0,performance_schema,ACCOUNT,3,EVENT_NAME,,,,,"",HASH,"","",YES,
def,performance_schema,events_statements_summary_by_user_by_event_name,0,performance_schema,USER,1,USER,,,,,YES,HASH,"","",YES,
def,performance_schema,events_statements_summary_by_user_by_event_name,0,performance_schema,USER,2,EVENT_NAME,,,,,"",HASH,"","",YES,
def,performance_schema,events_statements_summary_by_host_by_event_name,0,performance_schema,HOST,1,HOST,,,,,YES,HASH,"","",YES,
def,performance_schema,events_statements_summary_by_host_by_event_name,0,performance_schema,HOST,2,EVENT_NAME,,,,,"",HASH,"","",YES,
def,performance_schema,events_statements_summary_global_by_event_name,0,performance_schema,PRIMARY,1,EVENT_NAME,,,,,"",HASH,"","",YES,
def,performance_schema,events_statements_summary_by_digest,0,performance_schema,SCHEMA_NAME,1,SCHEMA_NAME,,,,,YES,HASH,"","",YES,
def,performance_schema,events_statements_summary_by_digest,0,performance_schema,SCHEMA_NAME,2,DIGEST,,,,,YES,HASH,"","",YES,
def,performance_schema,events_statements_summary_by_program,0,performance_schema,PRIMARY,1,OBJECT_TYPE,,,,,"",HASH,"","",YES,
def,performance_schema,events_statements_summary_by_program,0,performance_schema,PRIMARY,2,OBJECT_SCHEMA,,,,,"",HASH,"","",YES,
def,performance_schema,events_statements_summary_by_program,0,performance_schema,PRIMARY,3,OBJECT_NAME,,,,,"",HASH,"","",YES,
def,performance_schema,events_statements_histogram_global,0,performance_schema,PRIMARY,1,BUCKET_NUMBER,,,,,"",HASH,"","",YES,
def,performance_schema,events_statements_histogram_by_digest,0,performance_schema,SCHEMA_NAME,1,SCHEMA_NAME,,,,,YES,HASH,"","",YES,
def,performance_schema,events_statements_histogram_by_digest,0,performance_schema,SCHEMA_NAME,2,DIGEST,,,,,YES,HASH,"","",YES,
def,performance_schema,events_statements_histogram_by_digest,0,performance_schema,SCHEMA_NAME,3,BUCKET_NUMBER,,,,,"",HASH,"","",YES,
def,performance_schema,events_transactions_current,0,performance_schema,PRIMARY,1,THREAD_ID,,,,,"",HASH,"","",YES,
def,performance_schema,events_transactions_current,0,performance_schema,PRIMARY,2,EVENT_ID,,,,,"",HASH,"","",YES,
def,performance_schema,events_transactions_history,0,performance_schema,PRIMARY,1,THREAD_ID,,,,,"",HASH,"","",YES,
def,performance_schema,events_transactions_history,0,performance_schema,PRIMARY,2,EVENT_ID,,,,,"",HASH,"","",YES,
def,performance_schema,events_transactions_summary_by_thread_by_event_name,0,performance_schema,PRIMARY,1,THREAD_ID,,,,,"",HASH,"","",YES,
def,performance_schema,events_transactions_summary_by_thread_by_event_name,0,performance_schema,PRIMARY,2,EVENT_NAME,,,,,"",HASH,"","",YES,
def,performance_schema,events_transactions_summary_by_account_by_event_name,0,performance_schema,ACCOUNT,1,USER,,,,,YES,HASH,"","",YES,
def,performance_schema,events_transactions_summary_by_account_by_event_name,0,performance_schema,ACCOUNT,2,HOST,,,,,YES,HASH,"","",YES,
def,performance_schema,events_transactions_summary_by_account_by_event_name,0,performance_schema,ACCOUNT,3,EVENT_NAME,,,,,"",HASH,"","",YES,
def,performance_schema,events_transactions_summary_by_user_by_event_name,0,performance_schema,USER,1,USER,,,,,YES,HASH,"","",YES,
def,performance_schema,events_transactions_summary_by_user_by_event_name,0,performance_schema,USER,2,EVENT_NAME,,,,,"",HASH,"","",YES,
def,performance_schema,events_transactions_summary_by_host_by_event_name,0,performance_schema,HOST,1,HOST,,,,,YES,HASH,"","",YES,
def,performance_schema,events_transactions_summary_by_host_by_event_name,0,performance_schema,HOST,2,EVENT_NAME,,,,,"",HASH,"","",YES,
def,performance_schema,events_transactions_summary_global_by_event_name,0,performance_schema,PRIMARY,1,EVENT_NAME,,,,,"",HASH,"","",YES,
def,performance_schema,events_errors_summary_by_user_by_error,0,performance_schema,USER,1,USER,,,,,YES,HASH,"","",YES,
def,performance_schema,events_errors_summary_by_user_by_error,0,performance_schema,USER,2,ERROR_NUMBER,,,,,YES,HASH,"","",YES,
def,performance_schema,events_errors_summary_by_host_by_error,0,performance_schema,HOST,1,HOST,,,,,YES,HASH,"","",YES,
def,performance_schema,events_errors_summary_by_host_by_error,0,performance_schema,HOST,2,ERROR_NUMBER,,,,,YES,HASH,"","",YES,
def,performance_schema,events_errors_summary_by_account_by_error,0,performance_schema,ACCOUNT,1,USER,,,,,YES,HASH,"","",YES,
def,performance_schema,events_errors_summary_by_account_by_error,0,performance_schema,ACCOUNT,2,HOST,,,,,YES,HASH,"","",YES,
def,performance_schema,events_errors_summary_by_account_by_error,0,performance_schema,ACCOUNT,3,ERROR_NUMBER,,,,,YES,HASH,"","",YES,
def,performance_schema,events_errors_summary_by_thread_by_error,0,performance_schema,THREAD_ID,1,THREAD_ID,,,,,"",HASH,"","",YES,
def,performance_schema,events_errors_summary_by_thread_by_error,0,performance_schema,THREAD_ID,2,ERROR_NUMBER,,,,,YES,HASH,"","",YES,
def,performance_schema,events_errors_summary_global_by_error,0,performance_schema,ERROR_NUMBER,1,ERROR_NUMBER,,,,,YES,HASH,"","",YES,
def,performance_schema,users,0,performance_schema,USER,1,USER,,,,,YES,HASH,"","",YES,
def,performance_schema,accounts,0,performance_schema,ACCOUNT,1,USER,,,,,YES,HASH,"","",YES,
def,performance_schema,accounts,0,performance_schema,ACCOUNT,2,HOST,,,,,YES,HASH,"","",YES,
def,performance_schema,hosts,0,performance_schema,HOST,1,HOST,,,,,YES,HASH,"","",YES,
def,performance_schema,socket_instances,0,performance_schema,PRIMARY,1,OBJECT_INSTANCE_BEGIN,,,,,"",HASH,"","",YES,
def,performance_schema,socket_instances,1,performance_schema,THREAD_ID,1,THREAD_ID,,,,,YES,HASH,"","",YES,
def,performance_schema,socket_instances,1,performance_schema,SOCKET_ID,1,SOCKET_ID,,,,,"",HASH,"","",YES,
def,performance_schema,socket_instances,1,performance_schema,IP,1,IP,,,,,"",HASH,"","",YES,
def,performance_schema,socket_instances,1,performance_schema,IP,2,PORT,,,,,"",HASH,"","",YES,
def,performance_schema,socket_summary_by_instance,0,performance_schema,PRIMARY,1,OBJECT_INSTANCE_BEGIN,,,,,"",HASH,"","",YES,
def,performance_schema,socket_summary_by_instance,1,performance_schema,EVENT_NAME,1,EVENT_NAME,,,,,"",HASH,"","",YES,
def,performance_schema,socket_summary_by_event_name,0,performance_schema,PRIMARY,1,EVENT_NAME,,,,,"",HASH,"","",YES,
def,performance_schema,session_connect_attrs,0,performance_schema,PRIMARY,1,PROCESSLIST_ID,,,,,"",HASH,"","",YES,
def,performance_schema,session_connect_attrs,0,performance_schema,PRIMARY,2,ATTR_NAME,,,,,"",HASH,"","",YES,
def,performance_schema,session_account_connect_attrs,0,performance_schema,PRIMARY,1,PROCESSLIST_ID,,,,,"",HASH,"","",YES,
def,performance_schema,session_account_connect_attrs,0,performance_schema,PRIMARY,2,ATTR_NAME,,,,,"",HASH,"","",YES,
def,performance_schema,memory_summary_global_by_event_name,0,performance_schema,PRIMARY,1,EVENT_NAME,,,,,"",HASH,"","",YES,
def,performance_schema,memory_summary_by_account_by_event_name,0,performance_schema,ACCOUNT,1,USER,,,,,YES,HASH,"","",YES,
def,performance_schema,memory_summary_by_account_by_event_name,0,performance_schema,ACCOUNT,2,HOST,,,,,YES,HASH,"","",YES,
def,performance_schema,memory_summary_by_account_by_event_name,0,performance_schema,ACCOUNT,3,EVENT_NAME,,,,,"",HASH,"","",YES,
def,performance_schema,memory_summary_by_host_by_event_name,0,performance_schema,HOST,1,HOST,,,,,YES,HASH,"","",YES,
def,performance_schema,memory_summary_by_host_by_event_name,0,performance_schema,HOST,2,EVENT_NAME,,,,,"",HASH,"","",YES,
def,performance_schema,memory_summary_by_thread_by_event_name,0,performance_schema,PRIMARY,1,THREAD_ID,,,,,"",HASH,"","",YES,
def,performance_schema,memory_summary_by_thread_by_event_name,0,performance_schema,PRIMARY,2,EVENT_NAME,,,,,"",HASH,"","",YES,
def,performance_schema,memory_summary_by_user_by_event_name,0,performance_schema,USER,1,USER,,,,,YES,HASH,"","",YES,
def,performance_schema,memory_summary_by_user_by_event_name,0,performance_schema,USER,2,EVENT_NAME,,,,,"",HASH,"","",YES,
def,performance_schema,table_handles,0,performance_schema,PRIMARY,1,OBJECT_INSTANCE_BEGIN,,,,,"",HASH,"","",YES,
def,performance_schema,table_handles,1,performance_schema,OBJECT_TYPE,1,OBJECT_TYPE,,,,,"",HASH,"","",YES,
def,performance_schema,table_handles,1,performance_schema,OBJECT_TYPE,2,OBJECT_SCHEMA,,,,,"",HASH,"","",YES,
def,performance_schema,table_handles,1,performance_schema,OBJECT_TYPE,3,OBJECT_NAME,,,,,"",HASH,"","",YES,
def,performance_schema,table_handles,1,performance_schema,OWNER_THREAD_ID,1,OWNER_THREAD_ID,,,,,YES,HASH,"","",YES,
def,performance_schema,table_handles,1,performance_schema,OWNER_THREAD_ID,2,OWNER_EVENT_ID,,,,,YES,HASH,"","",YES,
def,performance_schema,metadata_locks,0,performance_schema,PRIMARY,1,OBJECT_INSTANCE_BEGIN,,,,,"",HASH,"","",YES,
def,performance_schema,metadata_locks,1,performance_schema,OBJECT_TYPE,1,OBJECT_TYPE,,,,,"",HASH,"","",YES,
def,performance_schema,metadata_locks,1,performance_schema,OBJECT_TYPE,2,OBJECT_SCHEMA,,,,,YES,HASH,"","",YES,
def,performance_schema,metadata_locks,1,performance_schema,OBJECT_TYPE,3,OBJECT_NAME,,,,,YES,HASH,"","",YES,
def,performance_schema,metadata_locks,1,performance_schema,OBJECT_TYPE,4,COLUMN_NAME,,,,,YES,HASH,"","",YES,
def,performance_schema,metadata_locks,1,performance_schema,OWNER_THREAD_ID,1,OWNER_THREAD_ID,,,,,YES,HASH,"","",YES,
def,performance_schema,metadata_locks,1,performance_schema,OWNER_THREAD_ID,2,OWNER_EVENT_ID,,,,,YES,HASH,"","",YES,
def,performance_schema,data_locks,0,performance_schema,PRIMARY,1,ENGINE_LOCK_ID,,,,,"",HASH,"","",YES,
def,performance_schema,data_locks,0,performance_schema,PRIMARY,2,ENGINE,,,,,"",HASH,"","",YES,
def,performance_schema,data_locks,1,performance_schema,ENGINE_TRANSACTION_ID,1,ENGINE_TRANSACTION_ID,,,,,YES,HASH,"","",YES,
def,performance_schema,data_locks,1,performance_schema,ENGINE_TRANSACTION_ID,2,ENGINE,,,,,"",HASH,"","",YES,
def,performance_schema,data_locks,1,performance_schema,THREAD_ID,1,THREAD_ID,,,,,YES,HASH,"","",YES,
def,performance_schema,data_locks,1,performance_schema,THREAD_ID,2,EVENT_ID,,,,,YES,HASH,"","",YES,
def,performance_schema,data_locks,1,performance_schema,OBJECT_SCHEMA,1,OBJECT_SCHEMA,,,,,YES,HASH,"","",YES,
def,performance_schema,data_locks,1,performance_schema,OBJECT_SCHEMA,2,OBJECT_NAME,,,,,YES,HASH,"","",YES,
def,performance_schema,data_locks,1,performance_schema,OBJECT_SCHEMA,3,PARTITION_NAME,,,,,YES,HASH,"","",YES,
def,performance_schema,data_locks,1,performance_schema,OBJECT_SCHEMA,4,SUBPARTITION_NAME,,,,,YES,HASH,"","",YES,
def,performance_schema,data_lock_waits,1,performance_schema,REQUESTING_ENGINE_LOCK_ID,1,REQUESTING_ENGINE_LOCK_ID,,,,,"",HASH,"","",YES,
def,performance_schema,data_lock_waits,1,performance_schema,REQUESTING_ENGINE_LOCK_ID,2,ENGINE,,,,,"",HASH,"","",YES,
def,performance_schema,data_lock_waits,1,performance_schema,BLOCKING_ENGINE_LOCK_ID,1,BLOCKING_ENGINE_LOCK_ID,,,,,"",HASH,"","",YES,
def,performance_schema,data_lock_waits,1,performance_schema,BLOCKING_ENGINE_LOCK_ID,2,ENGINE,,,,,"",HASH,"","",YES,
def,performance_schema,data_lock_waits,1,performance_schema,REQUESTING_ENGINE_TRANSACTION_ID,1,REQUESTING_ENGINE_TRANSACTION_ID,,,,,YES,HASH,"","",YES,
def,performance_schema,data_lock_waits,1,performance_schema,REQUESTING_ENGINE_TRANSACTION_ID,2,ENGINE,,,,,"",HASH,"","",YES,
def,performance_schema,data_lock_waits,1,performance_schema,BLOCKING_ENGINE_TRANSACTION_ID,1,BLOCKING_ENGINE_TRANSACTION_ID,,,,,YES,HASH,"","",YES,
def,performance_schema,data_lock_waits,1,performance_schema,BLOCKING_ENGINE_TRANSACTION_ID,2,ENGINE,,,,,"",HASH,"","",YES,
def,performance_schema,data_lock_waits,1,performance_schema,REQUESTING_THREAD_ID,1,REQUESTING_THREAD_ID,,,,,YES,HASH,"","",YES,
def,performance_schema,data_lock_waits,1,performance_schema,REQUESTING_THREAD_ID,2,REQUESTING_EVENT_ID,,,,,YES,HASH,"","",YES,
def,performance_schema,data_lock_waits,1,performance_schema,BLOCKING_THREAD_ID,1,BLOCKING_THREAD_ID,,,,,YES,HASH,"","",YES,
def,performance_schema,data_lock_waits,1,performance_schema,BLOCKING_THREAD_ID,2,BLOCKING_EVENT_ID,,,,,YES,HASH,"","",YES,
def,performance_schema,replication_connection_configuration,0,performance_schema,PRIMARY,1,CHANNEL_NAME,,,,,"",HASH,"","",YES,
def,performance_schema,replication_connection_status,0,performance_schema,PRIMARY,1,CHANNEL_NAME,,,,,"",HASH,"","",YES,
def,performance_schema,replication_connection_status,1,performance_schema,THREAD_ID,1,THREAD_ID,,,,,YES,HASH,"","",YES,
def,performance_schema,replication_applier_configuration,0,performance_schema,PRIMARY,1,CHANNEL_NAME,,,,,"",HASH,"","",YES,
def,performance_schema,replication_applier_status,0,performance_schema,PRIMARY,1,CHANNEL_NAME,,,,,"",HASH,"","",YES,
def,performance_schema,replication_applier_status_by_coordinator,0,performance_schema,PRIMARY,1,CHANNEL_NAME,,,,,"",HASH,"","",YES,
def,performance_schema,replication_applier_status_by_coordinator,1,performance_schema,THREAD_ID,1,THREAD_ID,,,,,YES,HASH,"","",YES,
def,performance_schema,replication_applier_status_by_worker,0,performance_schema,PRIMARY,1,CHANNEL_NAME,,,,,"",HASH,"","",YES,
def,performance_schema,replication_applier_status_by_worker,0,performance_schema,PRIMARY,2,WORKER_ID,,,,,"",HASH,"","",YES,
def,performance_schema,replication_applier_status_by_worker,1,performance_schema,THREAD_ID,1,THREAD_ID,,,,,YES,HASH,"","",YES,
def,performance_schema,prepared_statements_instances,0,performance_schema,PRIMARY,1,OBJECT_INSTANCE_BEGIN,,,,,"",HASH,"","",YES,
def,performance_schema,prepared_statements_instances,0,performance_schema,OWNER_THREAD_ID,1,OWNER_THREAD_ID,,,,,"",HASH,"","",YES,
def,performance_schema,prepared_statements_instances,0,performance_schema,OWNER_THREAD_ID,2,OWNER_EVENT_ID,,,,,"",HASH,"","",YES,
def,performance_schema,prepared_statements_instances,1,performance_schema,STATEMENT_ID,1,STATEMENT_ID,,,,,"",HASH,"","",YES,
def,performance_schema,prepared_statements_instances,1,performance_schema,STATEMENT_NAME,1,STATEMENT_NAME,,,,,YES,HASH,"","",YES,
def,performance_schema,prepared_statements_instances,1,performance_schema,OWNER_OBJECT_TYPE,1,OWNER_OBJECT_TYPE,,,,,YES,HASH,"","",YES,
def,performance_schema,prepared_statements_instances,1,performance_schema,OWNER_OBJECT_TYPE,2,OWNER_OBJECT_SCHEMA,,,,,YES,HASH,"","",YES,
def,performance_schema,prepared_statements_instances,1,performance_schema,OWNER_OBJECT_TYPE,3,OWNER_OBJECT_NAME,,,,,YES,HASH,"","",YES,
def,performance_schema,user_variables_by_thread,0,performance_schema,PRIMARY,1,THREAD_ID,,,,,"",HASH,"","",YES,
def,performance_schema,user_variables_by_thread,0,performance_schema,PRIMARY,2,VARIABLE_NAME,,,,,"",HASH,"","",YES,
def,performance_schema,status_by_account,0,performance_schema,ACCOUNT,1,USER,,,,,YES,HASH,"","",YES,
def,performance_schema,status_by_account,0,performance_schema,ACCOUNT,2,HOST,,,,,YES,HASH,"","",YES,
def,performance_schema,status_by_account,0,performance_schema,ACCOUNT,3,VARIABLE_NAME,,,,,"",HASH,"","",YES,
def,performance_schema,status_by_host,0,performance_schema,HOST,1,HOST,,,,,YES,HASH,"","",YES,
def,performance_schema,status_by_host,0,performance_schema,HOST,2,VARIABLE_NAME,,,,,"",HASH,"","",YES,
def,performance_schema,status_by_thread,0,performance_schema,PRIMARY,1,THREAD_ID,,,,,"",HASH,"","",YES,
def,performance_schema,status_by_thread,0,performance_schema,PRIMARY,2,VARIABLE_NAME,,,,,"",HASH,"","",YES,
def,performance_schema,status_by_user,0,performance_schema,USER,1,USER,,,,,YES,HASH,"","",YES,
def,performance_schema,status_by_user,0,performance_schema,USER,2,VARIABLE_NAME,,,,,"",HASH,"","",YES,
def,performance_schema,global_status,0,performance_schema,PRIMARY,1,VARIABLE_NAME,,,,,"",HASH,"","",YES,
def,performance_schema,session_status,0,performance_schema,PRIMARY,1,VARIABLE_NAME,,,,,"",HASH,"","",YES,
def,performance_schema,variables_by_thread,0,performance_schema,PRIMARY,1,THREAD_ID,,,,,"",HASH,"","",YES,
def,performance_schema,variables_by_thread,0,performance_schema,PRIMARY,2,VARIABLE_NAME,,,,,"",HASH,"","",YES,
def,performance_schema,global_variables,0,performance_schema,PRIMARY,1,VARIABLE_NAME,,,,,"",HASH,"","",YES,
def,performance_schema,session_variables,0,performance_schema,PRIMARY,1,VARIABLE_NAME,,,,,"",HASH,"","",YES,
def,performance_schema,persisted_variables,0,performance_schema,PRIMARY,1,VARIABLE_NAME,,,,,"",HASH,"","",YES,
def,performance_schema,user_defined_functions,0,performance_schema,PRIMARY,1,UDF_NAME,,,,,"",HASH,"","",YES,
def,mysql,db,0,mysql,PRIMARY,1,Host,A,2,,,"",BTREE,"","",YES,
def,mysql,db,0,mysql,PRIMARY,2,Db,A,3,,,"",BTREE,"","",YES,
def,mysql,db,0,mysql,PRIMARY,3,User,A,3,,,"",BTREE,"","",YES,
def,mysql,db,1,mysql,User,1,User,A,3,,,"",BTREE,"","",YES,
def,mysql,user,0,mysql,PRIMARY,1,Host,A,2,,,"",BTREE,"","",YES,
def,mysql,user,0,mysql,PRIMARY,2,User,A,5,,,"",BTREE,"","",YES,
def,mysql,default_roles,0,mysql,PRIMARY,1,HOST,A,0,,,"",BTREE,"","",YES,
def,mysql,default_roles,0,mysql,PRIMARY,2,USER,A,0,,,"",BTREE,"","",YES,
def,mysql,default_roles,0,mysql,PRIMARY,3,DEFAULT_ROLE_HOST,A,0,,,"",BTREE,"","",YES,
def,mysql,default_roles,0,mysql,PRIMARY,4,DEFAULT_ROLE_USER,A,0,,,"",BTREE,"","",YES,
def,mysql,role_edges,0,mysql,PRIMARY,1,FROM_HOST,A,0,,,"",BTREE,"","",YES,
def,mysql,role_edges,0,mysql,PRIMARY,2,FROM_USER,A,0,,,"",BTREE,"","",YES,
def,mysql,role_edges,0,mysql,PRIMARY,3,TO_HOST,A,0,,,"",BTREE,"","",YES,
def,mysql,role_edges,0,mysql,PRIMARY,4,TO_USER,A,0,,,"",BTREE,"","",YES,
def,mysql,global_grants,0,mysql,PRIMARY,1,USER,A,2,,,"",BTREE,"","",YES,
def,mysql,global_grants,0,mysql,PRIMARY,2,HOST,A,2,,,"",BTREE,"","",YES,
def,mysql,global_grants,0,mysql,PRIMARY,3,PRIV,A,28,,,"",BTREE,"","",YES,
def,mysql,password_history,0,mysql,PRIMARY,1,Host,A,0,,,"",BTREE,"","",YES,
def,mysql,password_history,0,mysql,PRIMARY,2,User,A,0,,,"",BTREE,"","",YES,
def,mysql,password_history,0,mysql,PRIMARY,3,Password_timestamp,D,0,,,"",BTREE,"","",YES,
def,mysql,func,0,mysql,PRIMARY,1,name,A,0,,,"",BTREE,"","",YES,
def,mysql,plugin,0,mysql,PRIMARY,1,name,A,0,,,"",BTREE,"","",YES,
def,mysql,help_topic,0,mysql,PRIMARY,1,help_topic_id,A,498,,,"",BTREE,"","",YES,
def,mysql,help_topic,0,mysql,name,1,name,A,498,,,"",BTREE,"","",YES,
def,mysql,help_category,0,mysql,PRIMARY,1,help_category_id,A,44,,,"",BTREE,"","",YES,
def,mysql,help_category,0,mysql,name,1,name,A,44,,,"",BTREE,"","",YES,
def,mysql,help_relation,0,mysql,PRIMARY,1,help_keyword_id,A,834,,,"",BTREE,"","",YES,
def,mysql,help_relation,0,mysql,PRIMARY,2,help_topic_id,A,1698,,,"",BTREE,"","",YES,
def,mysql,servers,0,mysql,PRIMARY,1,Server_name,A,0,,,"",BTREE,"","",YES,
def,mysql,tables_priv,0,mysql,PRIMARY,1,Host,A,1,,,"",BTREE,"","",YES,
def,mysql,tables_priv,0,mysql,PRIMARY,2,Db,A,2,,,"",BTREE,"","",YES,
def,mysql,tables_priv,0,mysql,PRIMARY,3,User,A,2,,,"",BTREE,"","",YES,
def,mysql,tables_priv,0,mysql,PRIMARY,4,Table_name,A,2,,,"",BTREE,"","",YES,
def,mysql,tables_priv,1,mysql,Grantor,1,Grantor,A,2,,,"",BTREE,"","",YES,
def,mysql,columns_priv,0,mysql,PRIMARY,1,Host,A,0,,,"",BTREE,"","",YES,
def,mysql,columns_priv,0,mysql,PRIMARY,2,Db,A,0,,,"",BTREE,"","",YES,
def,mysql,columns_priv,0,mysql,PRIMARY,3,User,A,0,,,"",BTREE,"","",YES,
def,mysql,columns_priv,0,mysql,PRIMARY,4,Table_name,A,0,,,"",BTREE,"","",YES,
def,mysql,columns_priv,0,mysql,PRIMARY,5,Column_name,A,0,,,"",BTREE,"","",YES,
def,mysql,help_keyword,0,mysql,PRIMARY,1,help_keyword_id,A,666,,,"",BTREE,"","",YES,
def,mysql,help_keyword,0,mysql,name,1,name,A,666,,,"",BTREE,"","",YES,
def,mysql,time_zone_name,0,mysql,PRIMARY,1,Name,A,0,,,"",BTREE,"","",YES,
def,mysql,time_zone,0,mysql,PRIMARY,1,Time_zone_id,A,0,,,"",BTREE,"","",YES,
def,mysql,time_zone_transition,0,mysql,PRIMARY,1,Time_zone_id,A,0,,,"",BTREE,"","",YES,
def,mysql,time_zone_transition,0,mysql,PRIMARY,2,Transition_time,A,0,,,"",BTREE,"","",YES,
def,mysql,time_zone_transition_type,0,mysql,PRIMARY,1,Time_zone_id,A,0,,,"",BTREE,"","",YES,
def,mysql,time_zone_transition_type,0,mysql,PRIMARY,2,Transition_type_id,A,0,,,"",BTREE,"","",YES,
def,mysql,time_zone_leap_second,0,mysql,PRIMARY,1,Transition_time,A,0,,,"",BTREE,"","",YES,
def,mysql,procs_priv,0,mysql,PRIMARY,1,Host,A,0,,,"",BTREE,"","",YES,
def,mysql,procs_priv,0,mysql,PRIMARY,2,Db,A,0,,,"",BTREE,"","",YES,
def,mysql,procs_priv,0,mysql,PRIMARY,3,User,A,0,,,"",BTREE,"","",YES,
def,mysql,procs_priv,0,mysql,PRIMARY,4,Routine_name,A,0,,,"",BTREE,"","",YES,
def,mysql,procs_priv,0,mysql,PRIMARY,5,Routine_type,A,0,,,"",BTREE,"","",YES,
def,mysql,procs_priv,1,mysql,Grantor,1,Grantor,A,0,,,"",BTREE,"","",YES,
def,mysql,component,0,mysql,PRIMARY,1,component_id,A,0,,,"",BTREE,"","",YES,
def,mysql,slave_relay_log_info,0,mysql,PRIMARY,1,Channel_name,A,0,,,"",BTREE,"","",YES,
def,mysql,slave_master_info,0,mysql,PRIMARY,1,Channel_name,A,0,,,"",BTREE,"","",YES,
def,mysql,slave_worker_info,0,mysql,PRIMARY,1,Channel_name,A,0,,,"",BTREE,"","",YES,
def,mysql,slave_worker_info,0,mysql,PRIMARY,2,Id,A,0,,,"",BTREE,"","",YES,
def,mysql,gtid_executed,0,mysql,PRIMARY,1,source_uuid,A,0,,,"",BTREE,"","",YES,
def,mysql,gtid_executed,0,mysql,PRIMARY,2,interval_start,A,0,,,"",BTREE,"","",YES,
def,mysql,server_cost,0,mysql,PRIMARY,1,cost_name,A,6,,,"",BTREE,"","",YES,
def,mysql,engine_cost,0,mysql,PRIMARY,1,cost_name,A,2,,,"",BTREE,"","",YES,
def,mysql,engine_cost,0,mysql,PRIMARY,2,engine_name,A,2,,,"",BTREE,"","",YES,
def,mysql,engine_cost,0,mysql,PRIMARY,3,device_type,A,2,,,"",BTREE,"","",YES,
def,mysql,proxies_priv,0,mysql,PRIMARY,1,Host,A,1,,,"",BTREE,"","",YES,
def,mysql,proxies_priv,0,mysql,PRIMARY,2,User,A,1,,,"",BTREE,"","",YES,
def,mysql,proxies_priv,0,mysql,PRIMARY,3,Proxied_host,A,1,,,"",BTREE,"","",YES,
def,mysql,proxies_priv,0,mysql,PRIMARY,4,Proxied_user,A,1,,,"",BTREE,"","",YES,
def,mysql,proxies_priv,1,mysql,Grantor,1,Grantor,A,1,,,"",BTREE,"","",YES,
def,sys,sys_config,0,sys,PRIMARY,1,variable,A,6,,,"",BTREE,"","",YES,
def,shome,user,0,shome,PRIMARY,1,id,A,0,,,"",BTREE,"","",YES,
def,shome,app_user,0,shome,PRIMARY,1,id,A,1,,,"",BTREE,"","",YES,
def,shome,reading,0,shome,PRIMARY,1,id,A,0,,,"",BTREE,"","",YES,
def,shome,user_log,0,shome,PRIMARY,1,id,A,0,,,"",BTREE,"","",YES,
